"","ContractID","ConractSize","Currency","Expiration","Strike","Last","Chg","ChgPct","Bid","Ask","Vol","OI","LastTradeTime","IV","ITM","TimeToExp"
"1","SPY231106C00340000","REGULAR","USD",2023-11-06,340,95.13,16.93,21.649616,95.04,95.26,24,2,2023-11-03 16:14:41,1.69629058105469,TRUE,0.0027378507871321
"2","SPY231106C00350000","REGULAR","USD",2023-11-06,350,80.28,0,0,85.04,85.26,1,2,2023-11-02 15:01:55,1.5234398828125,TRUE,0.0027378507871321
"3","SPY231106C00360000","REGULAR","USD",2023-11-06,360,53.31,0,0,75.05,75.27,1,1,2023-10-30 10:27:25,1.359378203125,TRUE,0.0027378507871321
"4","SPY231106C00370000","REGULAR","USD",2023-11-06,370,59.15,0,0,65.05,65.27,3,1,2023-11-02 12:35:42,1.19043373535156,TRUE,0.0027378507871321
"5","SPY231106C00375000","REGULAR","USD",2023-11-06,375,59.58,11.460003,23.815468,60.06,60.27,4,4,2023-11-03 11:32:30,1.109379453125,TRUE,0.0027378507871321
"6","SPY231106C00380000","REGULAR","USD",2023-11-06,380,38.11,0,0,55.06,55.28,1,1,2023-10-31 13:56:59,1.02832517089844,TRUE,0.0027378507871321
"7","SPY231106C00385000","REGULAR","USD",2023-11-06,385,30.99,0,0,50.06,50.28,4,1,2023-10-30 16:13:28,0.945313046875,TRUE,0.0027378507871321
"8","SPY231106C00386000","REGULAR","USD",2023-11-06,386,29.4,0,0,49.06,49.28,8,2,2023-10-30 09:59:25,0.928711650390625,TRUE,0.0027378507871321
"9","SPY231106C00389000","REGULAR","USD",2023-11-06,389,22.36,0,0,46.07,46.28,4,2,2023-10-27 13:56:42,0.880372290039062,TRUE,0.0027378507871321
"10","SPY231106C00390000","REGULAR","USD",2023-11-06,390,45.44,17.689999,63.747746,45.07,45.28,2,6,2023-11-03 15:39:17,0.863770893554688,TRUE,0.0027378507871321
"11","SPY231106C00391000","REGULAR","USD",2023-11-06,391,36.22,0,0,44.07,44.28,480,263,2023-11-02 09:47:55,0.846681220703125,TRUE,0.0027378507871321
"12","SPY231106C00392000","REGULAR","USD",2023-11-06,392,23.95,0,0,43.07,43.28,NA,2,2023-10-26 14:41:58,0.83007982421875,TRUE,0.0027378507871321
"13","SPY231106C00395000","REGULAR","USD",2023-11-06,395,41.04,12.93,45.997868,40.07,40.29,5,6,2023-11-03 14:57:55,0.782228740234375,TRUE,0.0027378507871321
"14","SPY231106C00396000","REGULAR","USD",2023-11-06,396,18.8,0,0,39.07,39.29,1,1,2023-10-30 11:07:53,0.765139067382813,TRUE,0.0027378507871321
"15","SPY231106C00397000","REGULAR","USD",2023-11-06,397,30.75,0,0,38.07,38.29,2,119,2023-11-02 09:55:37,0.748537670898438,TRUE,0.0027378507871321
"16","SPY231106C00399000","REGULAR","USD",2023-11-06,399,17.85,0,0,36.07,36.29,12,1267,2023-10-30 14:53:15,0.7148466015625,TRUE,0.0027378507871321
"17","SPY231106C00400000","REGULAR","USD",2023-11-06,400,35.17,4.8099976,15.843206,35.07,35.29,15,126,2023-11-03 16:14:21,0.698245205078125,TRUE,0.0027378507871321
"18","SPY231106C00401000","REGULAR","USD",2023-11-06,401,11.55,0,0,34.07,34.29,11,10,2023-10-27 15:26:51,0.681155532226563,TRUE,0.0027378507871321
"19","SPY231106C00402000","REGULAR","USD",2023-11-06,402,14.66,0,0,33.08,33.29,2,22,2023-10-31 10:24:17,0.66601896484375,TRUE,0.0027378507871321
"20","SPY231106C00403000","REGULAR","USD",2023-11-06,403,32.47,6.4100018,24.59709,32.08,32.29,1,55,2023-11-03 14:10:06,0.648929291992188,TRUE,0.0027378507871321
"21","SPY231106C00404000","REGULAR","USD",2023-11-06,404,31.69,16.91,114.41137,31.08,31.29,2,1326,2023-11-03 14:15:32,0.631839619140625,TRUE,0.0027378507871321
"22","SPY231106C00405000","REGULAR","USD",2023-11-06,405,25.5,0,0,30.08,30.29,37,81,2023-11-02 14:44:35,0.61523822265625,TRUE,0.0027378507871321
"23","SPY231106C00406000","REGULAR","USD",2023-11-06,406,24.7,0,0,29.08,29.29,27,103,2023-11-02 15:47:07,0.598148549804688,TRUE,0.0027378507871321
"24","SPY231106C00407000","REGULAR","USD",2023-11-06,407,27.9,4.6399994,19.948406,28.08,28.3,2,228,2023-11-03 15:59:02,0.582523706054688,TRUE,0.0027378507871321
"25","SPY231106C00408000","REGULAR","USD",2023-11-06,408,27.1,4.0699997,17.672598,27.08,27.3,10,1510,2023-11-03 15:52:27,0.565434033203125,TRUE,0.0027378507871321
"26","SPY231106C00409000","REGULAR","USD",2023-11-06,409,26.13,4.449999,20.525826,26.08,26.3,4,176,2023-11-03 15:52:28,0.548344360351563,TRUE,0.0027378507871321
"27","SPY231106C00410000","REGULAR","USD",2023-11-06,410,25.32,4.33,20.628872,25.08,25.3,1356,3682,2023-11-03 15:30:30,0.530766411132813,TRUE,0.0027378507871321
"28","SPY231106C00411000","REGULAR","USD",2023-11-06,411,24.28,4.8500004,24.961401,24.08,24.3,57,607,2023-11-03 14:08:32,0.51367673828125,TRUE,0.0027378507871321
"29","SPY231106C00412000","REGULAR","USD",2023-11-06,412,22.89,4.449999,24.132315,23.09,23.3,34,683,2023-11-03 16:00:24,0.520512607421875,TRUE,0.0027378507871321
"30","SPY231106C00413000","REGULAR","USD",2023-11-06,413,22.77,5.1900005,29.522186,22.09,22.3,7,943,2023-11-03 15:23:53,0.502690520019531,TRUE,0.0027378507871321
"31","SPY231106C00414000","REGULAR","USD",2023-11-06,414,21.9,5.369999,32.486378,21.09,21.3,26,1419,2023-11-03 14:39:30,0.484624294433594,TRUE,0.0027378507871321
"32","SPY231106C00415000","REGULAR","USD",2023-11-06,415,20.13,4.339999,27.485746,20.09,20.31,68,2400,2023-11-03 15:49:31,0.468511174316406,TRUE,0.0027378507871321
"33","SPY231106C00416000","REGULAR","USD",2023-11-06,416,19.1,4.2800007,28.879896,19.09,19.31,109,930,2023-11-03 16:09:54,0.450200810546875,TRUE,0.0027378507871321
"34","SPY231106C00417000","REGULAR","USD",2023-11-06,417,18.15,4.41,32.09607,18.09,18.31,144,1072,2023-11-03 15:53:11,0.43164630859375,TRUE,0.0027378507871321
"35","SPY231106C00418000","REGULAR","USD",2023-11-06,418,17.06,4.039999,31.029177,17.13,17.29,151,2274,2023-11-03 16:05:31,0.409673872070312,TRUE,0.0027378507871321
"36","SPY231106C00419000","REGULAR","USD",2023-11-06,419,16.07,4.3099995,36.649654,16.13,16.29,282,2095,2023-11-03 16:08:00,0.391119370117187,TRUE,0.0027378507871321
"37","SPY231106C00420000","REGULAR","USD",2023-11-06,420,15.05,4.34,40.522877,15.14,15.29,361,4430,2023-11-03 16:08:01,0.372564868164063,TRUE,0.0027378507871321
"38","SPY231106C00421000","REGULAR","USD",2023-11-06,421,14.01,4.13,41.80162,14.2,14.29,259,2121,2023-11-03 16:01:21,0.35352208984375,TRUE,0.0027378507871321
"39","SPY231106C00422000","REGULAR","USD",2023-11-06,422,13.15,4.2199993,47.25643,13.14,13.3,598,3025,2023-11-03 16:12:51,0.336188278808594,TRUE,0.0027378507871321
"40","SPY231106C00423000","REGULAR","USD",2023-11-06,423,11.8,3.8500004,48.42768,12.15,12.3,430,3713,2023-11-03 15:59:23,0.316901362304687,TRUE,0.0027378507871321
"41","SPY231106C00424000","REGULAR","USD",2023-11-06,424,10.96,3.83,53.71669,11.15,11.31,855,3907,2023-11-03 16:00:50,0.29883513671875,TRUE,0.0027378507871321
"42","SPY231106C00425000","REGULAR","USD",2023-11-06,425,10.16,4.0099998,65.20325,10.16,10.31,1121,3069,2023-11-03 16:09:31,0.279059943847656,TRUE,0.0027378507871321
"43","SPY231106C00426000","REGULAR","USD",2023-11-06,426,9.1,3.8100004,72.0227,9.17,9.32,550,2098,2023-11-03 16:05:50,0.260261303710937,TRUE,0.0027378507871321
"44","SPY231106C00427000","REGULAR","USD",2023-11-06,427,8.15,3.5199995,76.0259,8.18,8.33,913,2387,2023-11-03 16:10:39,0.240974387207031,TRUE,0.0027378507871321
"45","SPY231106C00428000","REGULAR","USD",2023-11-06,428,7.15,3.44,92.722374,7.2,7.34,1264,3819,2023-11-03 16:02:18,0.221199194335937,TRUE,0.0027378507871321
"46","SPY231106C00429000","REGULAR","USD",2023-11-06,429,6.2,3.1599998,103.947365,6.22,6.37,2319,2655,2023-11-03 16:04:48,0.202888830566406,TRUE,0.0027378507871321
"47","SPY231106C00430000","REGULAR","USD",2023-11-06,430,5.26,2.8300002,116.46091,5.27,5.39,5032,5713,2023-11-03 16:12:48,0.182625361328125,TRUE,0.0027378507871321
"48","SPY231106C00431000","REGULAR","USD",2023-11-06,431,4.41,2.5299997,134.57445,4.33,4.45,5979,5639,2023-11-03 16:13:38,0.165169481201172,TRUE,0.0027378507871321
"49","SPY231106C00432000","REGULAR","USD",2023-11-06,432,3.42,2,140.84506,3.44,3.54,7984,5354,2023-11-03 16:14:01,0.148446015625,TRUE,0.0027378507871321
"50","SPY231106C00433000","REGULAR","USD",2023-11-06,433,2.62,1.5899999,154.36893,2.62,2.69,29401,2156,2023-11-03 16:14:56,0.133797724609375,TRUE,0.0027378507871321
"51","SPY231106C00434000","REGULAR","USD",2023-11-06,434,1.91,1.18,161.64383,1.91,1.93,76613,2518,2023-11-03 16:14:54,0.121712884521484,TRUE,0.0027378507871321
"52","SPY231106C00435000","REGULAR","USD",2023-11-06,435,1.31,0.81999993,167.34692,1.3,1.32,135194,3537,2023-11-03 16:14:53,0.114510808105469,FALSE,0.0027378507871321
"53","SPY231106C00436000","REGULAR","USD",2023-11-06,436,0.83,0.49999997,151.51514,0.83,0.84,126744,4199,2023-11-03 16:14:56,0.108773560791016,FALSE,0.0027378507871321
"54","SPY231106C00437000","REGULAR","USD",2023-11-06,437,0.5,0.28,127.27273,0.5,0.51,96141,1430,2023-11-03 16:14:56,0.106088040771484,FALSE,0.0027378507871321
"55","SPY231106C00438000","REGULAR","USD",2023-11-06,438,0.29,0.16,123.07693,0.29,0.3,56233,2477,2023-11-03 16:14:55,0.1054776953125,FALSE,0.0027378507871321
"56","SPY231106C00439000","REGULAR","USD",2023-11-06,439,0.16,0.06999999,77.77777,0.16,0.17,30014,1955,2023-11-03 16:14:59,0.105965971679687,FALSE,0.0027378507871321
"57","SPY231106C00440000","REGULAR","USD",2023-11-06,440,0.09,0.030000005,50.00001,0.08,0.09,54989,6417,2023-11-03 16:14:59,0.105965971679687,FALSE,0.0027378507871321
"58","SPY231106C00441000","REGULAR","USD",2023-11-06,441,0.05,0.020000001,66.66667,0.04,0.05,14904,757,2023-11-03 16:14:48,0.108407353515625,FALSE,0.0027378507871321
"59","SPY231106C00442000","REGULAR","USD",2023-11-06,442,0.02,0,0,0.02,0.03,12682,427,2023-11-03 16:14:48,0.112313564453125,FALSE,0.0027378507871321
"60","SPY231106C00443000","REGULAR","USD",2023-11-06,443,0.02,0,0,0.01,0.02,4982,521,2023-11-03 16:13:41,0.117196328125,FALSE,0.0027378507871321
"61","SPY231106C00444000","REGULAR","USD",2023-11-06,444,0.01,0,0,0.01,0.02,8311,626,2023-11-03 16:13:43,0.1289149609375,FALSE,0.0027378507871321
"62","SPY231106C00445000","REGULAR","USD",2023-11-06,445,0.01,-0.01,-50,0.01,0.02,5186,683,2023-11-03 16:14:36,0.14063359375,FALSE,0.0027378507871321
"63","SPY231106C00446000","REGULAR","USD",2023-11-06,446,0.01,0,0,0,0.01,1619,188,2023-11-03 16:12:00,0.14063359375,FALSE,0.0027378507871321
"64","SPY231106C00447000","REGULAR","USD",2023-11-06,447,0.01,0,0,0,0.01,1089,1198,2023-11-03 16:00:38,0.1523522265625,FALSE,0.0027378507871321
"65","SPY231106C00448000","REGULAR","USD",2023-11-06,448,0.01,0,0,0,0.01,390,296,2023-11-03 15:57:50,0.1601646484375,FALSE,0.0027378507871321
"66","SPY231106C00449000","REGULAR","USD",2023-11-06,449,0.01,0,0,0,0.01,241,1197,2023-11-03 15:49:00,0.17188328125,FALSE,0.0027378507871321
"67","SPY231106C00450000","REGULAR","USD",2023-11-06,450,0.01,0,0,0,0.01,352,1513,2023-11-03 16:12:52,0.1836019140625,FALSE,0.0027378507871321
"68","SPY231106C00451000","REGULAR","USD",2023-11-06,451,0.01,0,0,0,0.01,23,29,2023-11-03 15:51:23,0.1914143359375,FALSE,0.0027378507871321
"69","SPY231106C00452000","REGULAR","USD",2023-11-06,452,0.01,-0.01,-50,0,0.01,1,2,2023-11-03 11:08:05,0.20313296875,FALSE,0.0027378507871321
"70","SPY231106C00453000","REGULAR","USD",2023-11-06,453,0.01,-0.01,-50,0,0.01,4,25,2023-11-03 14:55:33,0.2148516015625,FALSE,0.0027378507871321
"71","SPY231106C00454000","REGULAR","USD",2023-11-06,454,0.01,0,0,0,0.01,2,877,2023-11-03 10:45:34,0.2226640234375,FALSE,0.0027378507871321
"72","SPY231106C00455000","REGULAR","USD",2023-11-06,455,0.01,0,0,0,0.01,1736,2141,2023-10-27 15:13:45,0.23438265625,FALSE,0.0027378507871321
"73","SPY231106C00456000","REGULAR","USD",2023-11-06,456,0.01,0,0,0,0.01,1,1397,2023-11-03 14:12:07,0.242195078125,FALSE,0.0027378507871321
"74","SPY231106C00457000","REGULAR","USD",2023-11-06,457,0.01,0,0,0,0.01,545,545,2023-10-27 14:31:23,0.2539137109375,FALSE,0.0027378507871321
"75","SPY231106C00458000","REGULAR","USD",2023-11-06,458,0.01,0,0,0,0.01,3,4,2023-10-27 09:41:57,0.26563234375,FALSE,0.0027378507871321
"76","SPY231106C00459000","REGULAR","USD",2023-11-06,459,0.01,0,0,0,0.01,NA,1,2023-10-26 13:21:19,0.273444765625,FALSE,0.0027378507871321
"77","SPY231106C00460000","REGULAR","USD",2023-11-06,460,0.01,0,0,0,0.01,1,5,2023-10-30 09:40:07,0.2812571875,FALSE,0.0027378507871321
"78","SPY231106C00461000","REGULAR","USD",2023-11-06,461,0.01,0,0,0,0.01,NA,838,2023-10-26 15:06:34,0.2929758203125,FALSE,0.0027378507871321
"79","SPY231106C00463000","REGULAR","USD",2023-11-06,463,0.01,0,0,0,0.01,NA,253,2023-10-26 16:00:25,0.312506875,FALSE,0.0027378507871321
"80","SPY231106C00469000","REGULAR","USD",2023-11-06,469,0.01,0,0,0,0.01,NA,253,2023-10-26 15:59:58,0.367193828125,FALSE,0.0027378507871321
"81","SPY231106C00471000","REGULAR","USD",2023-11-06,471,0.01,0,0,0,0.01,NA,253,2023-10-26 15:59:58,0.39063109375,FALSE,0.0027378507871321
"82","SPY231106C00477000","REGULAR","USD",2023-11-06,477,0.01,0,0,0,0.01,NA,253,2023-10-24 13:24:24,0.445318046875,FALSE,0.0027378507871321
"83","SPY231106C00484000","REGULAR","USD",2023-11-06,484,0.01,0.01,NA,0,0.01,3,0,2023-11-03 09:46:28,0.500005,FALSE,0.0027378507871321
"84","SPY231106C00487000","REGULAR","USD",2023-11-06,487,0.01,0,0,0,0.01,1,1,2023-11-01 11:12:41,0.500005,FALSE,0.0027378507871321
"85","SPY231106C00491000","REGULAR","USD",2023-11-06,491,0.01,0.01,NA,0,0.01,1,NA,2023-11-03 11:25:43,0.5312546875,FALSE,0.0027378507871321
"86","SPY231107C00340000","REGULAR","USD",2023-11-07,340,88.95,88.95,NA,95.09,95.31,NA,1,2023-11-02 11:19:42,1.40918264160156,TRUE,0.0054757015742642
"87","SPY231107C00359000","REGULAR","USD",2023-11-07,359,51.83,0,0,76.1,76.32,1,1,2023-10-27 15:12:18,1.14355896972656,TRUE,0.0054757015742642
"88","SPY231107C00362000","REGULAR","USD",2023-11-07,362,58.66,0,0,73.1,73.33,1,1,2023-11-01 10:19:57,1.10303182861328,TRUE,0.0054757015742642
"89","SPY231107C00378000","REGULAR","USD",2023-11-07,378,36.4,0,0,57.12,57.34,2,2,2023-10-30 09:31:11,0.885743330078125,TRUE,0.0054757015742642
"90","SPY231107C00379000","REGULAR","USD",2023-11-07,379,32.07,0,0,56.12,56.34,2,1,2023-10-27 13:57:48,0.872071591796875,TRUE,0.0054757015742642
"91","SPY231107C00384000","REGULAR","USD",2023-11-07,384,27.33,0,0,51.12,51.34,4,2,2023-10-27 13:57:22,0.803224624023437,TRUE,0.0054757015742642
"92","SPY231107C00385000","REGULAR","USD",2023-11-07,385,34.8,0,0,50.12,50.35,2,1,2023-11-01 12:44:09,0.790529438476563,TRUE,0.0054757015742642
"93","SPY231107C00386000","REGULAR","USD",2023-11-07,386,25.28,0,0,49.12,49.35,2,1,2023-10-27 14:04:58,0.776857700195313,TRUE,0.0054757015742642
"94","SPY231107C00390000","REGULAR","USD",2023-11-07,390,45.2,23.45,107.8161,45.13,45.35,40,10,2023-11-03 11:50:53,0.723147299804688,TRUE,0.0054757015742642
"95","SPY231107C00391000","REGULAR","USD",2023-11-07,391,20.83,0,0,44.13,44.35,10,10,2023-10-27 14:11:40,0.70898728515625,TRUE,0.0054757015742642
"96","SPY231107C00400000","REGULAR","USD",2023-11-07,400,35.4,6.300001,21.649488,35.14,35.36,90,102,2023-11-03 15:43:24,0.586429916992187,TRUE,0.0054757015742642
"97","SPY231107C00401000","REGULAR","USD",2023-11-07,401,19.69,0,0,34.14,34.36,1,2,2023-11-01 12:32:37,0.57226990234375,TRUE,0.0054757015742642
"98","SPY231107C00402000","REGULAR","USD",2023-11-07,402,33.2,15.950001,92.463776,33.14,33.36,1,32,2023-11-03 13:29:52,0.558109887695313,TRUE,0.0054757015742642
"99","SPY231107C00403000","REGULAR","USD",2023-11-07,403,11.71,0,0,32.14,32.37,46,48,2023-10-30 11:23:13,0.545414702148438,TRUE,0.0054757015742642
"100","SPY231107C00404000","REGULAR","USD",2023-11-07,404,14.45,0,0,31.15,31.37,5,42,2023-10-31 13:38:36,0.532231240234375,TRUE,0.0054757015742642
"101","SPY231107C00405000","REGULAR","USD",2023-11-07,405,24.35,0,0,30.15,30.37,1,444,2023-11-02 10:54:28,0.518071225585938,TRUE,0.0054757015742642
"102","SPY231107C00406000","REGULAR","USD",2023-11-07,406,23.34,0,0,29.15,29.37,4,91,2023-11-02 10:55:34,0.5039112109375,TRUE,0.0054757015742642
"103","SPY231107C00407000","REGULAR","USD",2023-11-07,407,16,0,0,28.15,28.37,5,286,2023-11-01 15:01:25,0.510502941894531,TRUE,0.0054757015742642
"104","SPY231107C00408000","REGULAR","USD",2023-11-07,408,15.6,0,0,27.15,27.37,11,218,2023-11-01 15:45:02,0.495854650878906,TRUE,0.0054757015742642
"105","SPY231107C00409000","REGULAR","USD",2023-11-07,409,27.39,6.8899994,33.609753,26.15,26.37,7,324,2023-11-03 15:04:41,0.481206359863281,TRUE,0.0054757015742642
"106","SPY231107C00410000","REGULAR","USD",2023-11-07,410,25.39,4.59,22.06731,25.2,25.36,3509,3235,2023-11-03 13:30:46,0.4648491015625,TRUE,0.0054757015742642
"107","SPY231107C00411000","REGULAR","USD",2023-11-07,411,24.7,6.6500015,36.842117,24.2,24.36,1,615,2023-11-03 14:14:39,0.449956672363281,TRUE,0.0054757015742642
"108","SPY231107C00412000","REGULAR","USD",2023-11-07,412,21.89,3.33,17.94181,23.2,23.36,2,327,2023-11-03 10:33:41,0.435064243164063,TRUE,0.0054757015742642
"109","SPY231107C00413000","REGULAR","USD",2023-11-07,413,22.68,5.120001,29.157179,22.2,22.34,106,513,2023-11-03 12:55:59,0.416998017578125,TRUE,0.0054757015742642
"110","SPY231107C00414000","REGULAR","USD",2023-11-07,414,21.82,5.26,31.763288,21.21,21.37,105,2375,2023-11-03 15:21:58,0.406744213867188,TRUE,0.0054757015742642
"111","SPY231107C00415000","REGULAR","USD",2023-11-07,415,19.91,4.04,25.456837,20.21,20.37,51,2160,2023-11-03 15:58:15,0.391851784667969,TRUE,0.0054757015742642
"112","SPY231107C00416000","REGULAR","USD",2023-11-07,416,20.26,5.3100004,35.5184,19.21,19.37,21,2893,2023-11-03 15:02:51,0.376715217285156,TRUE,0.0054757015742642
"113","SPY231107C00417000","REGULAR","USD",2023-11-07,417,18.9,4.92,35.193134,18.22,18.37,9,510,2023-11-03 15:22:27,0.36133451171875,TRUE,0.0054757015742642
"114","SPY231107C00418000","REGULAR","USD",2023-11-07,418,17.48,4.6099997,35.819733,17.22,17.38,21,1313,2023-11-03 15:45:48,0.347418635253906,TRUE,0.0054757015742642
"115","SPY231107C00419000","REGULAR","USD",2023-11-07,419,16.15,4.2299995,35.486572,16.23,16.36,86,853,2023-11-03 16:05:55,0.329352409667969,TRUE,0.0054757015742642
"116","SPY231107C00420000","REGULAR","USD",2023-11-07,420,15.24,4.33,39.68836,15.23,15.39,101,1295,2023-11-03 16:09:03,0.317633776855469,TRUE,0.0054757015742642
"117","SPY231107C00421000","REGULAR","USD",2023-11-07,421,14.25,4.04,39.56905,14.24,14.4,71,861,2023-11-03 16:09:42,0.303229624023437,TRUE,0.0054757015742642
"118","SPY231107C00422000","REGULAR","USD",2023-11-07,422,13.25,4.0299997,43.709324,13.25,13.4,260,691,2023-11-03 16:10:52,0.28711650390625,TRUE,0.0054757015742642
"119","SPY231107C00423000","REGULAR","USD",2023-11-07,423,12.25,3.9799995,48.125748,12.26,12.39,108,1951,2023-11-03 16:13:08,0.269782692871094,TRUE,0.0054757015742642
"120","SPY231107C00424000","REGULAR","USD",2023-11-07,424,11.24,3.6599998,48.284958,11.28,11.43,148,1877,2023-11-03 16:01:36,0.258064060058594,TRUE,0.0054757015742642
"121","SPY231107C00425000","REGULAR","USD",2023-11-07,425,10.28,3.7699995,57.910896,10.3,10.44,277,2956,2023-11-03 16:09:47,0.242439216308594,TRUE,0.0054757015742642
"122","SPY231107C00426000","REGULAR","USD",2023-11-07,426,9.32,3.4599996,59.04436,9.32,9.47,135,910,2023-11-03 16:09:12,0.22852333984375,TRUE,0.0054757015742642
"123","SPY231107C00427000","REGULAR","USD",2023-11-07,427,8.38,3.5300002,72.78351,8.36,8.49,402,1762,2023-11-03 16:09:42,0.213142634277344,TRUE,0.0054757015742642
"124","SPY231107C00428000","REGULAR","USD",2023-11-07,428,7.34,3.1400003,74.76192,7.41,7.54,419,2203,2023-11-03 16:02:37,0.199837103271484,TRUE,0.0054757015742642
"125","SPY231107C00429000","REGULAR","USD",2023-11-07,429,6.44,2.97,85.59078,6.48,6.6,782,1372,2023-11-03 16:12:33,0.186531572265625,TRUE,0.0054757015742642
"126","SPY231107C00430000","REGULAR","USD",2023-11-07,430,5.54,2.7,95.07043,5.57,5.68,1086,3638,2023-11-03 16:09:51,0.173592248535156,TRUE,0.0054757015742642
"127","SPY231107C00431000","REGULAR","USD",2023-11-07,431,4.74,2.4499998,106.98689,4.7,4.79,1958,1751,2023-11-03 16:02:58,0.161507408447266,TRUE,0.0054757015742642
"128","SPY231107C00432000","REGULAR","USD",2023-11-07,432,3.82,2.02,112.22222,3.88,3.95,2353,4187,2023-11-03 16:11:57,0.150887397460938,TRUE,0.0054757015742642
"129","SPY231107C00433000","REGULAR","USD",2023-11-07,433,3.05,1.66,119.42446,3.11,3.17,9581,1603,2023-11-03 16:11:26,0.141732215576172,TRUE,0.0054757015742642
"130","SPY231107C00434000","REGULAR","USD",2023-11-07,434,2.44,1.3800001,130.18869,2.44,2.45,17522,1397,2023-11-03 16:14:41,0.132821171875,TRUE,0.0054757015742642
"131","SPY231107C00435000","REGULAR","USD",2023-11-07,435,1.84,1.07,138.96106,1.84,1.85,25921,1132,2023-11-03 16:14:47,0.127205993652344,FALSE,0.0054757015742642
"132","SPY231107C00436000","REGULAR","USD",2023-11-07,436,1.34,0.79,143.63637,1.34,1.35,25291,1130,2023-11-03 16:14:45,0.122811506347656,FALSE,0.0054757015742642
"133","SPY231107C00437000","REGULAR","USD",2023-11-07,437,0.94,0.55,141.02565,0.94,0.95,13606,1464,2023-11-03 16:14:48,0.119515640869141,FALSE,0.0054757015742642
"134","SPY231107C00438000","REGULAR","USD",2023-11-07,438,0.64,0.36999997,137.03703,0.64,0.65,16271,633,2023-11-03 16:14:53,0.117440466308594,FALSE,0.0054757015742642
"135","SPY231107C00439000","REGULAR","USD",2023-11-07,439,0.41,0.22999999,127.77777,0.41,0.42,7828,534,2023-11-03 16:14:55,0.114999084472656,FALSE,0.0054757015742642
"136","SPY231107C00440000","REGULAR","USD",2023-11-07,440,0.27,0.15,125,0.26,0.27,13958,1712,2023-11-03 16:14:58,0.114266669921875,FALSE,0.0054757015742642
"137","SPY231107C00441000","REGULAR","USD",2023-11-07,441,0.17,0.09,112.500015,0.16,0.17,3264,487,2023-11-03 16:14:55,0.114266669921875,FALSE,0.0054757015742642
"138","SPY231107C00442000","REGULAR","USD",2023-11-07,442,0.1,0.040000003,66.66667,0.09,0.1,2102,536,2023-11-03 16:14:44,0.113534255371094,FALSE,0.0054757015742642
"139","SPY231107C00443000","REGULAR","USD",2023-11-07,443,0.06,0.03,100,0.05,0.06,1899,338,2023-11-03 16:14:56,0.114266669921875,FALSE,0.0054757015742642
"140","SPY231107C00444000","REGULAR","USD",2023-11-07,444,0.04,0,0,0.03,0.04,2025,515,2023-11-03 16:13:59,0.117196328125,FALSE,0.0054757015742642
"141","SPY231107C00445000","REGULAR","USD",2023-11-07,445,0.02,0,0,0.02,0.03,1894,1221,2023-11-03 16:12:33,0.122079091796875,FALSE,0.0054757015742642
"142","SPY231107C00446000","REGULAR","USD",2023-11-07,446,0.02,0.02,NA,0.01,0.02,1056,1,2023-11-03 16:11:08,0.12500875,FALSE,0.0054757015742642
"143","SPY231107C00447000","REGULAR","USD",2023-11-07,447,0.02,0,0,0.01,0.02,514,29,2023-11-03 16:00:53,0.13477427734375,FALSE,0.0054757015742642
"144","SPY231107C00448000","REGULAR","USD",2023-11-07,448,0.02,0.01,100,0.01,0.02,402,83,2023-11-03 15:59:54,0.143563251953125,FALSE,0.0054757015742642
"145","SPY231107C00449000","REGULAR","USD",2023-11-07,449,0.02,0.01,100,0.01,0.02,739,2,2023-11-03 15:58:35,0.1523522265625,FALSE,0.0054757015742642
"146","SPY231107C00450000","REGULAR","USD",2023-11-07,450,0.02,0.01,100,0.01,0.02,312,150,2023-11-03 15:29:48,0.16211775390625,FALSE,0.0054757015742642
"147","SPY231107C00451000","REGULAR","USD",2023-11-07,451,0.01,0.01,NA,0,0.01,64,128,2023-11-03 16:07:44,0.1562584375,FALSE,0.0054757015742642
"148","SPY231107C00452000","REGULAR","USD",2023-11-07,452,0.01,0,0,0,0.01,29,101,2023-11-03 15:56:33,0.16602396484375,FALSE,0.0054757015742642
"149","SPY231107C00453000","REGULAR","USD",2023-11-07,453,0.01,-0.01,-50,0,0.01,4873,558,2023-11-03 15:59:01,0.1757894921875,FALSE,0.0054757015742642
"150","SPY231107C00454000","REGULAR","USD",2023-11-07,454,0.01,-0.01,-50,0,0.01,85,12,2023-11-03 15:47:12,0.1836019140625,FALSE,0.0054757015742642
"151","SPY231107C00455000","REGULAR","USD",2023-11-07,455,0.01,0,0,0,0.01,2,2446,2023-11-02 11:57:42,0.1914143359375,FALSE,0.0054757015742642
"152","SPY231107C00456000","REGULAR","USD",2023-11-07,456,0.01,0,0,0,0.01,25,25,2023-10-30 13:42:50,0.1992267578125,FALSE,0.0054757015742642
"153","SPY231107C00457000","REGULAR","USD",2023-11-07,457,0.01,0,0,0,0.01,1,3,2023-11-01 11:28:34,0.2070391796875,FALSE,0.0054757015742642
"154","SPY231107C00458000","REGULAR","USD",2023-11-07,458,0.01,0,0,0,0.01,83,624,2023-11-01 10:20:00,0.2148516015625,FALSE,0.0054757015742642
"155","SPY231107C00459000","REGULAR","USD",2023-11-07,459,0.01,0,0,0,0.01,49,357,2023-11-03 11:28:20,0.2226640234375,FALSE,0.0054757015742642
"156","SPY231107C00460000","REGULAR","USD",2023-11-07,460,0.01,0,0,0,0.01,293,295,2023-10-27 15:50:03,0.2304764453125,FALSE,0.0054757015742642
"157","SPY231107C00464000","REGULAR","USD",2023-11-07,464,0.01,0,0,0,0.01,NA,3,2023-10-26 12:28:06,0.2617261328125,FALSE,0.0054757015742642
"158","SPY231107C00466000","REGULAR","USD",2023-11-07,466,0.01,0,0,0,0.01,3,3,2023-10-30 09:43:43,0.2773509765625,FALSE,0.0054757015742642
"159","SPY231107C00470000","REGULAR","USD",2023-11-07,470,0.02,0,0,0,0.01,NA,1,2023-10-24 12:58:44,0.3086006640625,FALSE,0.0054757015742642
"160","SPY231108C00340000","REGULAR","USD",2023-11-08,340,95.89,95.89,NA,95.14,95.36,2,0,2023-11-03 12:59:44,1.23926161621094,TRUE,0.0082135523613963
"161","SPY231108C00370000","REGULAR","USD",2023-11-08,370,44.25,0,0,65.16,65.39,20,20,2023-10-30 13:16:26,0.875977802734375,TRUE,0.0082135523613963
"162","SPY231108C00380000","REGULAR","USD",2023-11-08,380,49.29,0,0,55.18,55.4,5,1,2023-11-02 10:52:55,0.758791474609375,TRUE,0.0082135523613963
"163","SPY231108C00390000","REGULAR","USD",2023-11-08,390,40.59,0,0,45.19,45.41,1,6,2023-11-02 15:02:56,0.639407902832031,TRUE,0.0082135523613963
"164","SPY231108C00391000","REGULAR","USD",2023-11-08,391,23.84,0,0,44.19,44.42,1,1,2023-10-30 09:30:39,0.628421684570313,TRUE,0.0082135523613963
"165","SPY231108C00393000","REGULAR","USD",2023-11-08,393,28,0,0,42.19,42.42,2,1,2023-11-01 14:55:52,0.604007866210938,TRUE,0.0082135523613963
"166","SPY231108C00395000","REGULAR","USD",2023-11-08,395,19.6,0,0,40.2,40.42,10,5,2023-10-30 11:16:28,0.580570600585938,TRUE,0.0082135523613963
"167","SPY231108C00397000","REGULAR","USD",2023-11-08,397,18.06,0,0,38.2,38.43,20,20,2023-10-30 13:16:26,0.557133334960938,TRUE,0.0082135523613963
"168","SPY231108C00399000","REGULAR","USD",2023-11-08,399,22.77,0,0,36.2,36.43,1,0,2023-11-01 11:00:09,0.532231240234375,TRUE,0.0082135523613963
"169","SPY231108C00400000","REGULAR","USD",2023-11-08,400,35.75,5,16.260162,35.2,35.43,1,23,2023-11-03 14:01:37,0.520024331054687,TRUE,0.0082135523613963
"170","SPY231108C00401000","REGULAR","USD",2023-11-08,401,12.64,0,0,34.21,34.43,7,6,2023-10-27 16:10:01,0.508793974609375,TRUE,0.0082135523613963
"171","SPY231108C00402000","REGULAR","USD",2023-11-08,402,11.37,0,0,33.21,33.43,12,18,2023-10-27 15:07:34,0.515141567382812,TRUE,0.0082135523613963
"172","SPY231108C00403000","REGULAR","USD",2023-11-08,403,13.12,0,0,32.21,32.44,1,31,2023-10-30 09:31:49,0.5039112109375,TRUE,0.0082135523613963
"173","SPY231108C00404000","REGULAR","USD",2023-11-08,404,14.25,0,0,31.21,31.44,NA,1,2023-10-26 10:26:00,0.491216025390625,TRUE,0.0082135523613963
"174","SPY231108C00405000","REGULAR","USD",2023-11-08,405,25.68,0,0,30.21,30.44,1,117,2023-11-02 15:31:25,0.47852083984375,TRUE,0.0082135523613963
"175","SPY231108C00406000","REGULAR","USD",2023-11-08,406,11.83,0,0,29.26,29.42,1,63,2023-10-31 09:30:47,0.462651857910156,TRUE,0.0082135523613963
"176","SPY231108C00407000","REGULAR","USD",2023-11-08,407,10.77,0,0,28.26,28.42,3,141,2023-10-31 11:45:12,0.449712534179687,TRUE,0.0082135523613963
"177","SPY231108C00408000","REGULAR","USD",2023-11-08,408,27.25,5.450001,25.000004,27.26,27.4,10,628,2023-11-03 15:52:27,0.434087690429688,TRUE,0.0082135523613963
"178","SPY231108C00409000","REGULAR","USD",2023-11-08,409,27.08,5.450001,25.19649,26.27,26.43,1,374,2023-11-03 13:07:32,0.425542854003906,TRUE,0.0082135523613963
"179","SPY231108C00410000","REGULAR","USD",2023-11-08,410,25.19,4.51,21.808512,25.27,25.43,2,1234,2023-11-03 13:23:46,0.412603530273437,TRUE,0.0082135523613963
"180","SPY231108C00411000","REGULAR","USD",2023-11-08,411,19.3,0,0,24.27,24.43,1,1013,2023-11-02 13:37:14,0.399664206542969,TRUE,0.0082135523613963
"181","SPY231108C00412000","REGULAR","USD",2023-11-08,412,22.3,4.7699986,27.210485,23.28,23.44,5,976,2023-11-03 11:29:43,0.387945573730469,TRUE,0.0082135523613963
"182","SPY231108C00413000","REGULAR","USD",2023-11-08,413,22.21,5.3399982,31.653812,22.28,22.44,3,909,2023-11-03 13:23:46,0.374762111816406,TRUE,0.0082135523613963
"183","SPY231108C00414000","REGULAR","USD",2023-11-08,414,21.28,4.2800007,25.176474,21.29,21.42,2,730,2023-11-03 13:23:31,0.358893129882813,TRUE,0.0082135523613963
"184","SPY231108C00415000","REGULAR","USD",2023-11-08,415,20.63,4.5199986,28.057098,20.29,20.45,5,1342,2023-11-03 14:18:50,0.34961587890625,TRUE,0.0082135523613963
"185","SPY231108C00416000","REGULAR","USD",2023-11-08,416,20.3,5.289999,35.243164,19.3,19.45,24,727,2023-11-03 14:51:57,0.336188278808594,TRUE,0.0082135523613963
"186","SPY231108C00417000","REGULAR","USD",2023-11-08,417,18.81,5.16,37.8022,18.3,18.46,13,1295,2023-11-03 14:12:56,0.323981369628906,TRUE,0.0082135523613963
"187","SPY231108C00418000","REGULAR","USD",2023-11-08,418,17.29,4.2800007,32.897778,17.31,17.47,8,636,2023-11-03 16:11:27,0.311530322265625,TRUE,0.0082135523613963
"188","SPY231108C00419000","REGULAR","USD",2023-11-08,419,16.18,4.12,34.162518,16.32,16.47,48,1277,2023-11-03 15:55:34,0.297858583984375,TRUE,0.0082135523613963
"189","SPY231108C00420000","REGULAR","USD",2023-11-08,420,15.32,4.0999994,36.54188,15.33,15.48,127,1317,2023-11-03 16:09:03,0.2851633984375,TRUE,0.0082135523613963
"190","SPY231108C00421000","REGULAR","USD",2023-11-08,421,14.73,4.49,43.847656,14.34,14.5,25,1981,2023-11-03 15:28:49,0.273322696533203,TRUE,0.0082135523613963
"191","SPY231108C00422000","REGULAR","USD",2023-11-08,422,13.35,3.8600006,40.6744,13.36,13.51,33,1958,2023-11-03 16:10:52,0.260139234619141,TRUE,0.0082135523613963
"192","SPY231108C00423000","REGULAR","USD",2023-11-08,423,12.4,3.9899998,47.44352,12.38,12.53,65,1595,2023-11-03 16:13:32,0.247810256347656,TRUE,0.0082135523613963
"193","SPY231108C00424000","REGULAR","USD",2023-11-08,424,11.72,4.0400004,52.604176,11.41,11.56,44,733,2023-11-03 15:30:28,0.235847485351562,TRUE,0.0082135523613963
"194","SPY231108C00425000","REGULAR","USD",2023-11-08,425,10.42,3.6800003,54.59941,10.45,10.59,265,2295,2023-11-03 16:09:47,0.223640576171875,TRUE,0.0082135523613963
"195","SPY231108C00426000","REGULAR","USD",2023-11-08,426,9.48,3.2599998,52.411575,9.49,9.63,166,1672,2023-11-03 16:09:12,0.211799874267578,TRUE,0.0082135523613963
"196","SPY231108C00427000","REGULAR","USD",2023-11-08,427,8.5,3.2199998,60.984844,8.55,8.68,1101,3330,2023-11-03 16:02:45,0.200203310546875,TRUE,0.0082135523613963
"197","SPY231108C00428000","REGULAR","USD",2023-11-08,428,7.79,3.3000002,73.496666,7.63,7.75,209,2431,2023-11-03 15:46:52,0.189339161376953,TRUE,0.0082135523613963
"198","SPY231108C00429000","REGULAR","USD",2023-11-08,429,6.72,2.8999999,75.91623,6.73,6.85,268,3826,2023-11-03 15:52:25,0.179695703125,TRUE,0.0082135523613963
"199","SPY231108C00430000","REGULAR","USD",2023-11-08,430,5.8,2.5400002,77.914116,5.86,5.97,553,3881,2023-11-03 16:12:00,0.170174313964844,TRUE,0.0082135523613963
"200","SPY231108C00431000","REGULAR","USD",2023-11-08,431,5.04,2.3899999,90.18867,5.03,5.1,1080,1605,2023-11-03 16:14:37,0.159676372070312,TRUE,0.0082135523613963
"201","SPY231108C00432000","REGULAR","USD",2023-11-08,432,4.24,2.0399997,92.72726,4.25,4.31,1438,974,2023-11-03 16:08:23,0.152474295654297,TRUE,0.0082135523613963
"202","SPY231108C00433000","REGULAR","USD",2023-11-08,433,3.5,1.78,103.48837,3.52,3.56,4463,3592,2023-11-03 16:05:44,0.145028081054688,TRUE,0.0082135523613963
"203","SPY231108C00434000","REGULAR","USD",2023-11-08,434,2.81,1.4699999,109.70148,2.86,2.88,12105,1733,2023-11-03 16:11:37,0.138924626464844,TRUE,0.0082135523613963
"204","SPY231108C00435000","REGULAR","USD",2023-11-08,435,2.24,1.22,119.60786,2.26,2.27,12265,1804,2023-11-03 16:14:09,0.133309448242187,FALSE,0.0082135523613963
"205","SPY231108C00436000","REGULAR","USD",2023-11-08,436,1.72,0.95000005,123.37663,1.73,1.75,9132,779,2023-11-03 16:14:37,0.129037030029297,FALSE,0.0082135523613963
"206","SPY231108C00437000","REGULAR","USD",2023-11-08,437,1.29,0.71999997,126.31578,1.29,1.3,6495,1180,2023-11-03 16:13:53,0.124764611816406,FALSE,0.0082135523613963
"207","SPY231108C00438000","REGULAR","USD",2023-11-08,438,0.94,0.51,118.604645,0.94,0.95,12003,562,2023-11-03 16:14:55,0.122079091796875,FALSE,0.0082135523613963
"208","SPY231108C00439000","REGULAR","USD",2023-11-08,439,0.66,0.37000003,127.58622,0.66,0.67,4997,457,2023-11-03 16:14:01,0.119515640869141,FALSE,0.0082135523613963
"209","SPY231108C00440000","REGULAR","USD",2023-11-08,440,0.46,0.25,119.047615,0.45,0.46,6444,640,2023-11-03 16:14:37,0.117562535400391,FALSE,0.0082135523613963
"210","SPY231108C00441000","REGULAR","USD",2023-11-08,441,0.31,0.16,106.66666,0.3,0.31,3212,478,2023-11-03 16:14:52,0.116463913574219,FALSE,0.0082135523613963
"211","SPY231108C00442000","REGULAR","USD",2023-11-08,442,0.19,0.089999996,90,0.2,0.21,5645,245,2023-11-03 16:10:54,0.116463913574219,FALSE,0.0082135523613963
"212","SPY231108C00443000","REGULAR","USD",2023-11-08,443,0.13,0.059999995,85.71428,0.12,0.13,1067,159,2023-11-03 16:14:11,0.114754946289063,FALSE,0.0082135523613963
"213","SPY231108C00444000","REGULAR","USD",2023-11-08,444,0.09,0.020000003,28.571432,0.08,0.09,1277,48,2023-11-03 16:12:47,0.116708051757813,FALSE,0.0082135523613963
"214","SPY231108C00445000","REGULAR","USD",2023-11-08,445,0.06,0.02,50,0.05,0.06,2386,173,2023-11-03 16:14:36,0.118172880859375,FALSE,0.0082135523613963
"215","SPY231108C00446000","REGULAR","USD",2023-11-08,446,0.04,0.01,33.333336,0.03,0.04,2578,96,2023-11-03 16:07:40,0.11914943359375,FALSE,0.0082135523613963
"216","SPY231108C00447000","REGULAR","USD",2023-11-08,447,0.04,0.01,33.333336,0.03,0.04,300,155,2023-11-03 16:07:27,0.127938408203125,FALSE,0.0082135523613963
"217","SPY231108C00448000","REGULAR","USD",2023-11-08,448,0.03,0,0,0.02,0.03,240,273,2023-11-03 15:56:41,0.13086806640625,FALSE,0.0082135523613963
"218","SPY231108C00449000","REGULAR","USD",2023-11-08,449,0.03,0.01,50,0.01,0.02,183,2,2023-11-03 15:52:33,0.132821171875,FALSE,0.0082135523613963
"219","SPY231108C00450000","REGULAR","USD",2023-11-08,450,0.02,0,0,0.01,0.02,273,142,2023-11-03 16:01:13,0.14063359375,FALSE,0.0082135523613963
"220","SPY231108C00451000","REGULAR","USD",2023-11-08,451,0.02,0,0,0.01,0.02,76,70,2023-11-03 15:59:26,0.148446015625,FALSE,0.0082135523613963
"221","SPY231108C00452000","REGULAR","USD",2023-11-08,452,0.02,0.02,NA,0.01,0.02,118,7,2023-11-03 15:59:53,0.1562584375,FALSE,0.0082135523613963
"222","SPY231108C00453000","REGULAR","USD",2023-11-08,453,0.02,0.02,NA,0.01,0.02,44,790,2023-11-03 12:28:54,0.164070859375,FALSE,0.0082135523613963
"223","SPY231108C00454000","REGULAR","USD",2023-11-08,454,0.02,0.01,100,0.01,0.02,21,243,2023-11-03 15:21:43,0.17188328125,FALSE,0.0082135523613963
"224","SPY231108C00455000","REGULAR","USD",2023-11-08,455,0.01,0,0,0.01,0.02,3,57,2023-10-31 09:40:27,0.179695703125,FALSE,0.0082135523613963
"225","SPY231108C00456000","REGULAR","USD",2023-11-08,456,0.01,0,0,0,0.01,61,16,2023-11-03 16:10:11,0.17188328125,FALSE,0.0082135523613963
"226","SPY231108C00457000","REGULAR","USD",2023-11-08,457,0.01,-0.01,-50,0,0.01,2507,10,2023-11-03 14:55:14,0.179695703125,FALSE,0.0082135523613963
"227","SPY231108C00458000","REGULAR","USD",2023-11-08,458,0.02,0,0,0,0.01,NA,10,2023-10-26 15:06:22,0.187508125,FALSE,0.0082135523613963
"228","SPY231108C00459000","REGULAR","USD",2023-11-08,459,0.01,0.01,NA,0,0.01,20,0,2023-11-03 16:08:45,0.195320546875,FALSE,0.0082135523613963
"229","SPY231108C00460000","REGULAR","USD",2023-11-08,460,0.02,0,0,0,0.01,NA,2,2023-10-25 12:45:08,0.1992267578125,FALSE,0.0082135523613963
"230","SPY231108C00470000","REGULAR","USD",2023-11-08,470,0.02,0,0,0,0.01,NA,7,2023-10-25 11:37:11,0.26563234375,FALSE,0.0082135523613963
"231","SPY231108C00481000","REGULAR","USD",2023-11-08,481,0.01,0,0,0,0.01,1,1,2023-10-27 15:58:23,0.335944140625,FALSE,0.0082135523613963
"232","SPY231108C00482000","REGULAR","USD",2023-11-08,482,0.01,0,0,0,0.01,1,6,2023-11-02 09:30:02,0.3437565625,FALSE,0.0082135523613963
"233","SPY231109C00362000","REGULAR","USD",2023-11-09,362,55.08,0,0,73.32,73.55,NA,1,2023-10-31 12:32:07,0.911621977539062,TRUE,0.0109514031485284
"234","SPY231109C00383000","REGULAR","USD",2023-11-09,383,38.83,0,0,52.35,52.59,3,3,2023-11-01 10:49:41,0.68164380859375,TRUE,0.0109514031485284
"235","SPY231109C00385000","REGULAR","USD",2023-11-09,385,35.62,0,0,50.36,50.59,10,5,2023-11-01 10:02:39,0.659915510253906,TRUE,0.0109514031485284
"236","SPY231109C00390000","REGULAR","USD",2023-11-09,390,45.9,45.9,NA,45.37,45.6,1,0,2023-11-03 14:28:07,0.605228557128906,TRUE,0.0109514031485284
"237","SPY231109C00393000","REGULAR","USD",2023-11-09,393,34.78,34.78,NA,42.37,42.6,NA,2,2023-11-02 09:43:29,0.571293349609375,TRUE,0.0109514031485284
"238","SPY231109C00396000","REGULAR","USD",2023-11-09,396,21.2,0,0,39.38,39.61,NA,4,2023-10-31 10:15:43,0.538578833007813,TRUE,0.0109514031485284
"239","SPY231109C00398000","REGULAR","USD",2023-11-09,398,15.01,0,0,37.39,37.62,1,1,2023-10-27 15:12:18,0.517338811035156,TRUE,0.0109514031485284
"240","SPY231109C00399000","REGULAR","USD",2023-11-09,399,30.38,30.38,NA,36.39,36.62,NA,5,2023-11-02 11:26:52,0.50586431640625,TRUE,0.0109514031485284
"241","SPY231109C00400000","REGULAR","USD",2023-11-09,400,35.5,4.8199997,15.71056,35.39,35.62,4,6,2023-11-03 16:04:13,0.510502941894531,TRUE,0.0109514031485284
"242","SPY231109C00401000","REGULAR","USD",2023-11-09,401,12.54,0,0,34.39,34.62,75,68,2023-10-27 14:29:26,0.498784309082031,TRUE,0.0109514031485284
"243","SPY231109C00402000","REGULAR","USD",2023-11-09,402,11.58,0,0,33.44,33.61,28,28,2023-10-27 15:04:09,0.485600847167969,TRUE,0.0109514031485284
"244","SPY231109C00403000","REGULAR","USD",2023-11-09,403,13.35,0,0,32.45,32.61,6,13,2023-10-30 10:15:49,0.473882214355469,TRUE,0.0109514031485284
"245","SPY231109C00404000","REGULAR","USD",2023-11-09,404,13.48,0,0,31.45,31.61,7,17,2023-10-30 13:46:07,0.462163581542969,TRUE,0.0109514031485284
"246","SPY231109C00405000","REGULAR","USD",2023-11-09,405,12.41,0,0,30.45,30.59,7,193,2023-10-31 10:37:31,0.447759428710937,TRUE,0.0109514031485284
"247","SPY231109C00406000","REGULAR","USD",2023-11-09,406,12.3,0,0,29.46,29.62,14,74,2023-10-31 12:13:03,0.439702868652344,TRUE,0.0109514031485284
"248","SPY231109C00407000","REGULAR","USD",2023-11-09,407,11.02,0,0,28.46,28.62,50,837,2023-10-31 12:16:35,0.42774009765625,TRUE,0.0109514031485284
"249","SPY231109C00408000","REGULAR","USD",2023-11-09,408,15.46,0,0,27.47,27.6,2,787,2023-11-01 15:01:37,0.413580083007812,TRUE,0.0109514031485284
"250","SPY231109C00409000","REGULAR","USD",2023-11-09,409,22.15,0,0,26.47,26.63,1,658,2023-11-02 15:47:05,0.405035246582031,TRUE,0.0109514031485284
"251","SPY231109C00410000","REGULAR","USD",2023-11-09,410,25.86,5.040001,24.207499,25.47,25.61,6,587,2023-11-03 14:23:14,0.39063109375,TRUE,0.0109514031485284
"252","SPY231109C00411000","REGULAR","USD",2023-11-09,411,13.17,0,0,24.48,24.64,10,207,2023-11-01 15:55:06,0.382086257324219,TRUE,0.0109514031485284
"253","SPY231109C00412000","REGULAR","USD",2023-11-09,412,19.19,0,0,23.49,23.62,3,171,2023-11-02 15:47:05,0.367682104492188,TRUE,0.0109514031485284
"254","SPY231109C00413000","REGULAR","USD",2023-11-09,413,18.12,0,0,22.49,22.65,23,289,2023-11-02 16:14:43,0.358648991699219,TRUE,0.0109514031485284
"255","SPY231109C00414000","REGULAR","USD",2023-11-09,414,14.75,0,0,21.5,21.66,6,407,2023-11-02 10:28:26,0.347418635253906,TRUE,0.0109514031485284
"256","SPY231109C00415000","REGULAR","USD",2023-11-09,415,21.07,4.539999,27.465206,20.51,20.66,16,716,2023-11-03 12:27:48,0.335089656982422,TRUE,0.0109514031485284
"257","SPY231109C00416000","REGULAR","USD",2023-11-09,416,18.22,3.3099995,22.199863,19.51,19.67,5,299,2023-11-03 10:35:25,0.323615162353516,TRUE,0.0109514031485284
"258","SPY231109C00417000","REGULAR","USD",2023-11-09,417,18.48,4.25,29.866482,18.52,18.68,4,368,2023-11-03 12:07:22,0.312018598632812,TRUE,0.0109514031485284
"259","SPY231109C00418000","REGULAR","USD",2023-11-09,418,17.5,4.29,32.475395,17.54,17.69,51,640,2023-11-03 16:11:27,0.300299965820312,TRUE,0.0109514031485284
"260","SPY231109C00419000","REGULAR","USD",2023-11-09,419,17.21,4.959999,40.489788,16.55,16.71,28,946,2023-11-03 15:22:20,0.289313747558594,TRUE,0.0109514031485284
"261","SPY231109C00420000","REGULAR","USD",2023-11-09,420,16.11,4.3,36.40982,15.57,15.72,525,1750,2023-11-03 15:25:52,0.277106838378906,TRUE,0.0109514031485284
"262","SPY231109C00421000","REGULAR","USD",2023-11-09,421,14.89,4.2700005,40.20716,14.59,14.72,67,1267,2023-11-03 13:21:15,0.264167514648437,TRUE,0.0109514031485284
"263","SPY231109C00422000","REGULAR","USD",2023-11-09,422,13.63,3.9099998,40.226334,13.62,13.77,28,1358,2023-11-03 15:49:59,0.255012332763672,TRUE,0.0109514031485284
"264","SPY231109C00423000","REGULAR","USD",2023-11-09,423,12.37,3.62,41.371426,12.65,12.8,23,1587,2023-11-03 15:59:00,0.243904045410156,TRUE,0.0109514031485284
"265","SPY231109C00424000","REGULAR","USD",2023-11-09,424,12.02,3.9800005,49.502495,11.7,11.84,99,802,2023-11-03 13:35:52,0.233161965332031,TRUE,0.0109514031485284
"266","SPY231109C00425000","REGULAR","USD",2023-11-09,425,10.7,3.4299998,47.18019,10.75,10.88,141,1047,2023-11-03 16:01:23,0.221931608886719,TRUE,0.0109514031485284
"267","SPY231109C00426000","REGULAR","USD",2023-11-09,426,9.66,3.25,50.70203,9.81,9.94,68,1222,2023-11-03 15:55:20,0.211799874267578,TRUE,0.0109514031485284
"268","SPY231109C00427000","REGULAR","USD",2023-11-09,427,8.94,3.2399998,56.842102,8.9,9.02,229,2138,2023-11-03 16:02:38,0.202278485107422,TRUE,0.0109514031485284
"269","SPY231109C00428000","REGULAR","USD",2023-11-09,428,8.31,3.3800006,68.55985,8,8.11,294,1600,2023-11-03 15:44:00,0.192757095947266,TRUE,0.0109514031485284
"270","SPY231109C00429000","REGULAR","USD",2023-11-09,429,6.93,2.6599998,62.29508,7.13,7.23,297,905,2023-11-03 16:00:27,0.184090190429687,TRUE,0.0109514031485284
"271","SPY231109C00430000","REGULAR","USD",2023-11-09,430,6.22,2.5799997,70.879105,6.28,6.37,606,1416,2023-11-03 16:01:23,0.175423284912109,TRUE,0.0109514031485284
"272","SPY231109C00431000","REGULAR","USD",2023-11-09,431,5.35,2.27,73.7013,5.47,5.55,1808,1065,2023-11-03 15:57:12,0.167732932128906,TRUE,0.0109514031485284
"273","SPY231109C00432000","REGULAR","USD",2023-11-09,432,4.69,2.15,84.645676,4.7,4.76,1217,961,2023-11-03 16:02:58,0.160042579345703,TRUE,0.0109514031485284
"274","SPY231109C00433000","REGULAR","USD",2023-11-09,433,3.98,1.8399999,85.9813,3.98,4.03,2616,922,2023-11-03 16:08:23,0.153572917480469,TRUE,0.0109514031485284
"275","SPY231109C00434000","REGULAR","USD",2023-11-09,434,3.31,1.63,97.02381,3.32,3.34,5382,1453,2023-11-03 16:08:46,0.147042221069336,TRUE,0.0109514031485284
"276","SPY231109C00435000","REGULAR","USD",2023-11-09,435,2.71,1.34,97.81022,2.71,2.73,4867,2991,2023-11-03 16:09:44,0.141976353759766,FALSE,0.0109514031485284
"277","SPY231109C00436000","REGULAR","USD",2023-11-09,436,2.16,1.1000001,103.773605,2.17,2.19,3258,2109,2023-11-03 16:06:15,0.137581866455078,FALSE,0.0109514031485284
"278","SPY231109C00437000","REGULAR","USD",2023-11-09,437,1.6,0.81,102.53165,1.7,1.71,3239,1189,2023-11-03 16:00:02,0.133187379150391,FALSE,0.0109514031485284
"279","SPY231109C00438000","REGULAR","USD",2023-11-09,438,1.3,0.6999999,116.66665,1.3,1.31,2229,1392,2023-11-03 16:14:24,0.129647375488281,FALSE,0.0109514031485284
"280","SPY231109C00439000","REGULAR","USD",2023-11-09,439,0.97,0.52000004,115.55557,0.97,0.98,2909,1879,2023-11-03 16:13:24,0.126595648193359,FALSE,0.0109514031485284
"281","SPY231109C00440000","REGULAR","USD",2023-11-09,440,0.71,0.39,121.875,0.7,0.72,2132,1090,2023-11-03 16:08:19,0.124276335449219,FALSE,0.0109514031485284
"282","SPY231109C00441000","REGULAR","USD",2023-11-09,441,0.51,0.26999998,112.499985,0.5,0.51,2600,351,2023-11-03 16:09:05,0.121834953613281,FALSE,0.0109514031485284
"283","SPY231109C00442000","REGULAR","USD",2023-11-09,442,0.35,0.16999999,94.444435,0.35,0.36,1655,225,2023-11-03 16:11:43,0.120614262695313,FALSE,0.0109514031485284
"284","SPY231109C00443000","REGULAR","USD",2023-11-09,443,0.25,0.120000005,92.3077,0.24,0.25,1683,209,2023-11-03 16:10:08,0.119637709960937,FALSE,0.0109514031485284
"285","SPY231109C00444000","REGULAR","USD",2023-11-09,444,0.17,0.060000002,54.545456,0.16,0.17,1590,73,2023-11-03 16:11:47,0.118905295410156,FALSE,0.0109514031485284
"286","SPY231109C00445000","REGULAR","USD",2023-11-09,445,0.12,0.04,50,0.11,0.12,536,153,2023-11-03 16:13:44,0.119637709960937,FALSE,0.0109514031485284
"287","SPY231109C00446000","REGULAR","USD",2023-11-09,446,0.08,0.029999997,59.999996,0.08,0.09,1008,87,2023-11-03 16:13:44,0.122079091796875,FALSE,0.0109514031485284
"288","SPY231109C00447000","REGULAR","USD",2023-11-09,447,0.05,0.010000002,25.000006,0.05,0.06,93,68,2023-11-03 16:11:09,0.122079091796875,FALSE,0.0109514031485284
"289","SPY231109C00448000","REGULAR","USD",2023-11-09,448,0.05,0.010000002,25.000006,0.04,0.05,204,61,2023-11-03 15:59:57,0.126473579101562,FALSE,0.0109514031485284
"290","SPY231109C00449000","REGULAR","USD",2023-11-09,449,0.04,0.01,33.333336,0.03,0.04,411,12,2023-11-03 16:05:39,0.129891513671875,FALSE,0.0109514031485284
"291","SPY231109C00450000","REGULAR","USD",2023-11-09,450,0.03,0,0,0.02,0.03,1145,59,2023-11-03 16:04:20,0.131844619140625,FALSE,0.0109514031485284
"292","SPY231109C00451000","REGULAR","USD",2023-11-09,451,0.04,0.01,33.333336,0.02,0.03,466,327,2023-11-03 15:45:44,0.139657041015625,FALSE,0.0109514031485284
"293","SPY231109C00452000","REGULAR","USD",2023-11-09,452,0.03,0.03,NA,0.01,0.02,34,313,2023-11-03 15:47:06,0.13868048828125,FALSE,0.0109514031485284
"294","SPY231109C00453000","REGULAR","USD",2023-11-09,453,0.04,0.04,NA,0.01,0.02,283,60,2023-11-03 14:18:02,0.14649291015625,FALSE,0.0109514031485284
"295","SPY231109C00454000","REGULAR","USD",2023-11-09,454,0.02,0.01,100,0.01,0.02,234,1,2023-11-03 15:49:12,0.1523522265625,FALSE,0.0109514031485284
"296","SPY231109C00455000","REGULAR","USD",2023-11-09,455,0.01,-0.01,-50,0.01,0.02,933,3,2023-11-03 16:03:01,0.1601646484375,FALSE,0.0109514031485284
"297","SPY231109C00456000","REGULAR","USD",2023-11-09,456,0.02,0.02,NA,0.01,0.02,767,0,2023-11-03 14:49:35,0.16602396484375,FALSE,0.0109514031485284
"298","SPY231109C00457000","REGULAR","USD",2023-11-09,457,0.02,0.02,NA,0.01,0.02,16,4,2023-11-03 10:00:20,0.17383638671875,FALSE,0.0109514031485284
"299","SPY231109C00459000","REGULAR","USD",2023-11-09,459,0.02,0.01,100,0.01,0.02,2,4,2023-11-03 09:47:09,0.187508125,FALSE,0.0109514031485284
"300","SPY231109C00460000","REGULAR","USD",2023-11-09,460,0.01,0,0,0,0.01,99,25,2023-11-03 12:26:32,0.179695703125,FALSE,0.0109514031485284
"301","SPY231109C00461000","REGULAR","USD",2023-11-09,461,0.01,0,0,0,0.01,2,2,2023-11-02 10:56:55,0.1836019140625,FALSE,0.0109514031485284
"302","SPY231109C00470000","REGULAR","USD",2023-11-09,470,0.01,0,0,0,0.01,1,1,2023-11-01 14:15:00,0.2382888671875,FALSE,0.0109514031485284
"303","SPY231110C00300000","REGULAR","USD",2023-11-10,300,136.11,16.690002,13.975885,135.28,135.52,52,55,2023-11-03 15:11:19,1.5000025,TRUE,0.0136892539356605
"304","SPY231110C00320000","REGULAR","USD",2023-11-10,320,103.75,0,0,115.31,115.55,3,4,2023-10-20 14:50:07,1.28125359375,TRUE,0.0136892539356605
"305","SPY231110C00325000","REGULAR","USD",2023-11-10,325,102.8,102.8,NA,110.31,110.55,NA,120,2023-11-02 09:51:07,1.22558980957031,TRUE,0.0136892539356605
"306","SPY231110C00330000","REGULAR","USD",2023-11-10,330,93.75,0,0,105.32,105.56,1,3,2023-10-20 14:50:22,1.17334397705078,TRUE,0.0136892539356605
"307","SPY231110C00335000","REGULAR","USD",2023-11-10,335,99.38,1.3499985,1.3771279,100.33,100.57,5,0,2023-11-03 11:19:02,1.12158642333984,TRUE,0.0136892539356605
"308","SPY231110C00340000","REGULAR","USD",2023-11-10,340,95.62,95.62,NA,95.34,95.58,8,0,2023-11-03 14:25:26,1.0703171484375,TRUE,0.0136892539356605
"309","SPY231110C00345000","REGULAR","USD",2023-11-10,345,89.42,19.32,27.560627,90.35,90.58,5,3,2023-11-03 11:19:02,1.01758303710938,TRUE,0.0136892539356605
"310","SPY231110C00350000","REGULAR","USD",2023-11-10,350,84.49,3.6899948,4.5668254,85.35,85.59,1,3,2023-11-03 09:43:32,0.965820654296875,TRUE,0.0136892539356605
"311","SPY231110C00355000","REGULAR","USD",2023-11-10,355,79.63,5.449997,7.34699,80.36,80.6,4,5,2023-11-03 10:10:35,0.915039912109375,TRUE,0.0136892539356605
"312","SPY231110C00360000","REGULAR","USD",2023-11-10,360,69.6,0,0,75.37,75.61,4,6,2023-11-02 13:05:23,0.864747446289062,TRUE,0.0136892539356605
"313","SPY231110C00370000","REGULAR","USD",2023-11-10,370,64.4,64.4,NA,65.39,65.63,1,2,2023-11-03 10:32:42,0.763918376464844,TRUE,0.0136892539356605
"314","SPY231110C00375000","REGULAR","USD",2023-11-10,375,42.2,0,0,60.4,60.64,2,7,2023-10-31 12:45:26,0.713625910644531,TRUE,0.0136892539356605
"315","SPY231110C00380000","REGULAR","USD",2023-11-10,380,56.2,6.1000023,12.175653,55.41,55.65,2,4,2023-11-03 13:59:22,0.663333444824219,TRUE,0.0136892539356605
"316","SPY231110C00385000","REGULAR","USD",2023-11-10,385,29.76,0,0,50.42,50.66,2,2,2023-10-30 13:10:57,0.612796840820313,TRUE,0.0136892539356605
"317","SPY231110C00386000","REGULAR","USD",2023-11-10,386,43.7,0,0,49.43,49.66,10,12,2023-11-02 12:58:20,0.603275451660156,TRUE,0.0136892539356605
"318","SPY231110C00388000","REGULAR","USD",2023-11-10,388,30.26,0,0,47.43,47.67,NA,1,2023-10-31 14:37:23,0.583011982421875,TRUE,0.0136892539356605
"319","SPY231110C00390000","REGULAR","USD",2023-11-10,390,45.84,4.84,11.804878,45.44,45.67,2,26,2023-11-03 15:39:17,0.562992651367188,TRUE,0.0136892539356605
"320","SPY231110C00392000","REGULAR","USD",2023-11-10,392,22.9,0,0,43.44,43.68,21,21,2023-10-27 09:57:27,0.542729182128906,TRUE,0.0136892539356605
"321","SPY231110C00394000","REGULAR","USD",2023-11-10,394,22.31,0,0,41.45,41.68,10,20,2023-10-31 09:59:18,0.522465712890625,TRUE,0.0136892539356605
"322","SPY231110C00395000","REGULAR","USD",2023-11-10,395,35.48,0,0,40.45,40.69,262,396,2023-11-02 13:42:23,0.512700185546875,TRUE,0.0136892539356605
"323","SPY231110C00396000","REGULAR","USD",2023-11-10,396,34.51,0,0,39.45,39.69,1,12,2023-11-02 13:42:23,0.50195810546875,TRUE,0.0136892539356605
"324","SPY231110C00398000","REGULAR","USD",2023-11-10,398,18.33,0,0,37.5,37.64,1,16,2023-10-30 09:35:06,0.489995334472656,TRUE,0.0136892539356605
"325","SPY231110C00399000","REGULAR","USD",2023-11-10,399,21.68,0,0,36.51,36.67,3,15,2023-11-01 09:48:40,0.482915327148438,TRUE,0.0136892539356605
"326","SPY231110C00400000","REGULAR","USD",2023-11-10,400,36.15,5.450001,17.752445,35.51,35.67,69,460,2023-11-03 14:35:01,0.472173247070312,TRUE,0.0136892539356605
"327","SPY231110C00401000","REGULAR","USD",2023-11-10,401,34.84,4.950001,16.560726,34.51,34.67,2,51,2023-11-03 15:37:16,0.461187028808594,TRUE,0.0136892539356605
"328","SPY231110C00402000","REGULAR","USD",2023-11-10,402,28.76,0,0,33.52,33.68,8,155,2023-11-02 14:19:48,0.451665639648438,TRUE,0.0136892539356605
"329","SPY231110C00403000","REGULAR","USD",2023-11-10,403,18.04,0,0,32.52,32.68,2,106,2023-11-01 13:30:07,0.440679421386719,TRUE,0.0136892539356605
"330","SPY231110C00404000","REGULAR","USD",2023-11-10,404,24.21,0,0,31.53,31.66,1,215,2023-11-02 09:36:07,0.427618028564453,TRUE,0.0136892539356605
"331","SPY231110C00405000","REGULAR","USD",2023-11-10,405,31.71,8.929998,39.201046,30.53,30.69,3,2585,2023-11-03 15:05:02,0.420171813964844,TRUE,0.0136892539356605
"332","SPY231110C00406000","REGULAR","USD",2023-11-10,406,23.27,0,0,29.54,29.67,2,297,2023-11-02 12:06:56,0.406988352050781,TRUE,0.0136892539356605
"333","SPY231110C00407000","REGULAR","USD",2023-11-10,407,17.5,0,0,28.54,28.7,13,722,2023-11-01 15:33:58,0.399175930175781,TRUE,0.0136892539356605
"334","SPY231110C00408000","REGULAR","USD",2023-11-10,408,28.26,4.8500004,20.717644,27.55,27.68,2,400,2023-11-03 12:40:42,0.385992468261719,TRUE,0.0136892539356605
"335","SPY231110C00409000","REGULAR","USD",2023-11-10,409,27.18,4.83,21.610737,26.55,26.71,1,771,2023-11-03 12:52:32,0.378180046386719,TRUE,0.0136892539356605
"336","SPY231110C00410000","REGULAR","USD",2023-11-10,410,25.84,4.59,21.6,25.56,25.72,18,3009,2023-11-03 15:36:16,0.367926242675781,TRUE,0.0136892539356605
"337","SPY231110C00411000","REGULAR","USD",2023-11-10,411,24.79,4.4100018,21.638872,24.57,24.72,28,1650,2023-11-03 15:45:34,0.356695886230469,TRUE,0.0136892539356605
"338","SPY231110C00412000","REGULAR","USD",2023-11-10,412,23.56,4.26,22.07254,23.57,23.73,2,1696,2023-11-03 11:50:07,0.346442082519531,TRUE,0.0136892539356605
"339","SPY231110C00412500","REGULAR","USD",2023-11-10,412.5,17.25,0,0,23.08,23.21,11,855,2023-11-02 10:48:20,0.338873798828125,TRUE,0.0136892539356605
"340","SPY231110C00413000","REGULAR","USD",2023-11-10,413,22.95,4.6400013,25.341352,22.58,22.74,31,1813,2023-11-03 12:22:49,0.336066209716797,TRUE,0.0136892539356605
"341","SPY231110C00414000","REGULAR","USD",2023-11-10,414,21.8,4.4299984,25.50373,21.59,21.75,51,3491,2023-11-03 15:44:35,0.325568267822266,TRUE,0.0136892539356605
"342","SPY231110C00415000","REGULAR","USD",2023-11-10,415,20.55,4.0599995,24.62098,20.6,20.76,109,7351,2023-11-03 15:50:35,0.314948256835937,TRUE,0.0136892539356605
"343","SPY231110C00416000","REGULAR","USD",2023-11-10,416,20.31,4.839999,31.286356,19.62,19.77,50,2925,2023-11-03 15:18:27,0.304206176757812,TRUE,0.0136892539356605
"344","SPY231110C00417000","REGULAR","USD",2023-11-10,417,19.53,5.000001,34.41157,18.63,18.76,81,1414,2023-11-03 15:09:47,0.291755129394531,TRUE,0.0136892539356605
"345","SPY231110C00417500","REGULAR","USD",2023-11-10,417.5,18.01,4.0300007,28.8269,18.14,18.29,21,663,2023-11-03 15:57:35,0.288337194824219,TRUE,0.0136892539356605
"346","SPY231110C00418000","REGULAR","USD",2023-11-10,418,17.49,4.01,29.747778,17.65,17.8,184,1171,2023-11-03 15:59:41,0.28321029296875,TRUE,0.0136892539356605
"347","SPY231110C00419000","REGULAR","USD",2023-11-10,419,16.93,4.0700006,31.64853,16.67,16.82,284,1557,2023-11-03 15:43:08,0.272956489257812,TRUE,0.0136892539356605
"348","SPY231110C00420000","REGULAR","USD",2023-11-10,420,15.53,3.83,32.735043,15.7,15.84,604,7624,2023-11-03 15:59:41,0.262458547363281,TRUE,0.0136892539356605
"349","SPY231110C00421000","REGULAR","USD",2023-11-10,421,14.59,3.7799997,34.96762,14.73,14.87,386,2891,2023-11-03 15:55:54,0.252448881835937,TRUE,0.0136892539356605
"350","SPY231110C00422000","REGULAR","USD",2023-11-10,422,13.65,3.6999998,37.18593,13.77,13.91,573,3346,2023-11-03 15:55:54,0.243049561767578,TRUE,0.0136892539356605
"351","SPY231110C00422500","REGULAR","USD",2023-11-10,422.5,13.15,3.6799994,38.85955,13.29,13.43,52,4083,2023-11-03 15:57:50,0.238166798095703,TRUE,0.0136892539356605
"352","SPY231110C00423000","REGULAR","USD",2023-11-10,423,12.79,3.5699997,38.72017,12.82,12.95,190,3411,2023-11-03 16:09:57,0.233161965332031,TRUE,0.0136892539356605
"353","SPY231110C00424000","REGULAR","USD",2023-11-10,424,11.7,3.4499998,41.81818,11.87,12,417,3067,2023-11-03 15:59:33,0.223640576171875,TRUE,0.0136892539356605
"354","SPY231110C00425000","REGULAR","USD",2023-11-10,425,10.96,3.35,44.021023,10.94,11.07,2685,13250,2023-11-03 16:03:17,0.214973670654297,TRUE,0.0136892539356605
"355","SPY231110C00426000","REGULAR","USD",2023-11-10,426,9.66,2.98,44.61078,10.03,10.15,457,4309,2023-11-03 16:00:04,0.206306765136719,TRUE,0.0136892539356605
"356","SPY231110C00427000","REGULAR","USD",2023-11-10,427,9.1,3.0900002,51.41431,9.13,9.24,421,3440,2023-11-03 16:06:09,0.197761928710938,TRUE,0.0136892539356605
"357","SPY231110C00427500","REGULAR","USD",2023-11-10,427.5,8.67,3.02,53.451324,8.69,8.8,461,3448,2023-11-03 15:50:32,0.193977786865234,TRUE,0.0136892539356605
"358","SPY231110C00428000","REGULAR","USD",2023-11-10,428,8.33,3.08,58.666664,8.26,8.36,1141,3814,2023-11-03 16:03:40,0.190071575927734,TRUE,0.0136892539356605
"359","SPY231110C00429000","REGULAR","USD",2023-11-10,429,7.47,2.8899999,63.100433,7.4,7.5,787,4402,2023-11-03 16:03:23,0.182503292236328,TRUE,0.0136892539356605
"360","SPY231110C00430000","REGULAR","USD",2023-11-10,430,6.55,2.5800002,64.98741,6.58,6.66,3703,17565,2023-11-03 16:12:38,0.175057077636719,TRUE,0.0136892539356605
"361","SPY231110C00431000","REGULAR","USD",2023-11-10,431,5.8,2.4,70.588234,5.79,5.86,1452,5394,2023-11-03 16:13:29,0.168343277587891,TRUE,0.0136892539356605
"362","SPY231110C00432000","REGULAR","USD",2023-11-10,432,5.01,2.1400003,74.564476,5.04,5.1,2704,4675,2023-11-03 16:12:54,0.162239822998047,TRUE,0.0136892539356605
"363","SPY231110C00432500","REGULAR","USD",2023-11-10,432.5,4.69,2.06,78.32699,4.68,4.73,2318,1895,2023-11-03 16:13:27,0.159066026611328,TRUE,0.0136892539356605
"364","SPY231110C00433000","REGULAR","USD",2023-11-10,433,4.31,1.9099998,79.58332,4.33,4.37,8973,2370,2023-11-03 16:02:46,0.155892230224609,TRUE,0.0136892539356605
"365","SPY231110C00434000","REGULAR","USD",2023-11-10,434,3.68,1.7,85.85859,3.68,3.7,23565,9771,2023-11-03 16:14:45,0.150521190185547,TRUE,0.0136892539356605
"366","SPY231110C00435000","REGULAR","USD",2023-11-10,435,3.07,1.4699999,91.87499,3.07,3.09,28489,10114,2023-11-03 16:14:55,0.145760495605469,FALSE,0.0136892539356605
"367","SPY231110C00436000","REGULAR","USD",2023-11-10,436,2.53,1.25,97.65625,2.52,2.53,17573,6543,2023-11-03 16:14:51,0.141060835571289,FALSE,0.0136892539356605
"368","SPY231110C00437000","REGULAR","USD",2023-11-10,437,2.04,1.02,100,2.03,2.04,13667,4622,2023-11-03 16:14:51,0.137093590087891,FALSE,0.0136892539356605
"369","SPY231110C00438000","REGULAR","USD",2023-11-10,438,1.61,0.82,103.79746,1.61,1.62,11855,4129,2023-11-03 16:13:47,0.133858759155273,FALSE,0.0136892539356605
"370","SPY231110C00439000","REGULAR","USD",2023-11-10,439,1.25,0.66,111.86441,1.25,1.26,8896,4802,2023-11-03 16:14:44,0.13086806640625,FALSE,0.0136892539356605
"371","SPY231110C00440000","REGULAR","USD",2023-11-10,440,0.96,0.51,113.333336,0.95,0.96,24564,10062,2023-11-03 16:14:48,0.128060477294922,FALSE,0.0136892539356605
"372","SPY231110C00441000","REGULAR","USD",2023-11-10,441,0.71,0.36999997,108.823524,0.71,0.73,21765,3010,2023-11-03 16:12:21,0.126595648193359,FALSE,0.0136892539356605
"373","SPY231110C00442000","REGULAR","USD",2023-11-10,442,0.52,0.26999998,107.99999,0.53,0.54,5728,2278,2023-11-03 16:13:59,0.124886680908203,FALSE,0.0136892539356605
"374","SPY231110C00443000","REGULAR","USD",2023-11-10,443,0.39,0.20999998,116.66665,0.38,0.39,4905,1809,2023-11-03 16:14:32,0.123299782714844,FALSE,0.0136892539356605
"375","SPY231110C00444000","REGULAR","USD",2023-11-10,444,0.28,0.13,86.666664,0.27,0.28,4691,3333,2023-11-03 16:11:46,0.122201160888672,FALSE,0.0136892539356605
"376","SPY231110C00445000","REGULAR","USD",2023-11-10,445,0.2,0.1,100,0.19,0.2,5390,5276,2023-11-03 16:14:16,0.121590815429687,FALSE,0.0136892539356605
"377","SPY231110C00446000","REGULAR","USD",2023-11-10,446,0.14,0.049999997,55.555553,0.13,0.14,2215,3014,2023-11-03 16:11:07,0.1211025390625,FALSE,0.0136892539356605
"378","SPY231110C00447000","REGULAR","USD",2023-11-10,447,0.1,0.020000003,25.000006,0.1,0.11,1282,3159,2023-11-03 16:11:07,0.123543920898438,FALSE,0.0136892539356605
"379","SPY231110C00448000","REGULAR","USD",2023-11-10,448,0.07,0.010000002,16.66667,0.07,0.08,2682,7713,2023-11-03 16:11:32,0.124520473632813,FALSE,0.0136892539356605
"380","SPY231110C00449000","REGULAR","USD",2023-11-10,449,0.05,-0.009999998,-16.666664,0.05,0.06,929,1676,2023-11-03 16:11:32,0.125985302734375,FALSE,0.0136892539356605
"381","SPY231110C00450000","REGULAR","USD",2023-11-10,450,0.05,0.010000002,25.000006,0.04,0.05,2770,6868,2023-11-03 16:14:19,0.129891513671875,FALSE,0.0136892539356605
"382","SPY231110C00451000","REGULAR","USD",2023-11-10,451,0.03,-0.01,-25,0.03,0.04,860,1840,2023-11-03 16:11:38,0.132821171875,FALSE,0.0136892539356605
"383","SPY231110C00452000","REGULAR","USD",2023-11-10,452,0.03,0.01,50,0.02,0.03,684,8031,2023-11-03 16:11:38,0.133797724609375,FALSE,0.0136892539356605
"384","SPY231110C00453000","REGULAR","USD",2023-11-10,453,0.02,0.02,NA,0.02,0.03,549,49,2023-11-03 16:11:38,0.14063359375,FALSE,0.0136892539356605
"385","SPY231110C00454000","REGULAR","USD",2023-11-10,454,0.02,-0.01,-33.333336,0.02,0.03,386,4653,2023-11-03 15:59:57,0.14649291015625,FALSE,0.0136892539356605
"386","SPY231110C00455000","REGULAR","USD",2023-11-10,455,0.02,0,0,0.01,0.02,1445,12119,2023-11-03 16:00:02,0.14649291015625,FALSE,0.0136892539356605
"387","SPY231110C00456000","REGULAR","USD",2023-11-10,456,0.02,0,0,0.01,0.02,226,10952,2023-11-03 15:59:49,0.1523522265625,FALSE,0.0136892539356605
"388","SPY231110C00457000","REGULAR","USD",2023-11-10,457,0.02,0.02,NA,0.01,0.02,19816,1,2023-11-03 16:03:36,0.15821154296875,FALSE,0.0136892539356605
"389","SPY231110C00458000","REGULAR","USD",2023-11-10,458,0.02,0.01,100,0.01,0.02,245,926,2023-11-03 16:11:08,0.164070859375,FALSE,0.0136892539356605
"390","SPY231110C00459000","REGULAR","USD",2023-11-10,459,0.02,0.02,NA,0.01,0.02,162,0,2023-11-03 14:55:46,0.16993017578125,FALSE,0.0136892539356605
"391","SPY231110C00460000","REGULAR","USD",2023-11-10,460,0.02,0,0,0.01,0.02,241,3506,2023-11-03 15:32:26,0.1757894921875,FALSE,0.0136892539356605
"392","SPY231110C00462000","REGULAR","USD",2023-11-10,462,0.01,-0.01,-50,0.01,0.02,37,657,2023-11-03 15:18:11,0.187508125,FALSE,0.0136892539356605
"393","SPY231110C00463000","REGULAR","USD",2023-11-10,463,0.01,0.01,NA,0.01,0.02,74,2,2023-11-03 15:59:58,0.19336744140625,FALSE,0.0136892539356605
"394","SPY231110C00464000","REGULAR","USD",2023-11-10,464,0.01,0,0,0.01,0.02,22,538,2023-11-03 10:43:12,0.1992267578125,FALSE,0.0136892539356605
"395","SPY231110C00465000","REGULAR","USD",2023-11-10,465,0.01,0,0,0.01,0.02,290,797,2023-11-03 16:05:02,0.20508607421875,FALSE,0.0136892539356605
"396","SPY231110C00466000","REGULAR","USD",2023-11-10,466,0.01,0,0,0,0.01,7541,732,2023-11-03 16:14:48,0.195320546875,FALSE,0.0136892539356605
"397","SPY231110C00467000","REGULAR","USD",2023-11-10,467,0.01,0.01,NA,0,0.01,42,0,2023-11-03 15:51:53,0.20313296875,FALSE,0.0136892539356605
"398","SPY231110C00468000","REGULAR","USD",2023-11-10,468,0.02,0,0,0,0.01,1,2,2023-10-30 09:47:46,0.2070391796875,FALSE,0.0136892539356605
"399","SPY231110C00469000","REGULAR","USD",2023-11-10,469,0.01,0,0,0,0.01,1,1,2023-11-01 14:35:57,0.210945390625,FALSE,0.0136892539356605
"400","SPY231110C00470000","REGULAR","USD",2023-11-10,470,0.01,0,0,0,0.01,112,1080,2023-11-03 15:32:39,0.2187578125,FALSE,0.0136892539356605
"401","SPY231110C00473000","REGULAR","USD",2023-11-10,473,0.01,0,0,0,0.01,1,1,2023-11-01 11:31:41,0.23438265625,FALSE,0.0136892539356605
"402","SPY231110C00475000","REGULAR","USD",2023-11-10,475,0.01,0,0,0,0.01,2,595,2023-10-31 12:03:55,0.2461012890625,FALSE,0.0136892539356605
"403","SPY231110C00480000","REGULAR","USD",2023-11-10,480,0.02,0,0,0,0.01,1,511,2023-10-26 10:25:34,0.2695385546875,FALSE,0.0136892539356605
"404","SPY231110C00485000","REGULAR","USD",2023-11-10,485,0.01,0,0,0,0.01,1,196,2023-10-26 14:33:20,0.29688203125,FALSE,0.0136892539356605
"405","SPY231110C00490000","REGULAR","USD",2023-11-10,490,0.03,0,0,0,0.01,13,70,2023-10-23 13:29:41,0.320319296875,FALSE,0.0136892539356605
"406","SPY231110C00495000","REGULAR","USD",2023-11-10,495,0.01,0,0,0,0.01,19,8068,2023-11-03 09:30:10,0.3437565625,FALSE,0.0136892539356605
"407","SPY231110C00500000","REGULAR","USD",2023-11-10,500,0.01,0,0,0,0.01,1,186,2023-11-03 11:56:55,0.367193828125,FALSE,0.0136892539356605
"408","SPY231110C00505000","REGULAR","USD",2023-11-10,505,0.01,0,0,0,0.01,12114,12190,2023-10-23 12:19:33,0.39063109375,FALSE,0.0136892539356605
"409","SPY231110C00510000","REGULAR","USD",2023-11-10,510,0.01,0,0,0,0.01,44,102,2023-10-18 15:59:15,0.414068359375,FALSE,0.0136892539356605
"410","SPY231110C00515000","REGULAR","USD",2023-11-10,515,0.01,0,0,0,0.01,NA,45,2023-10-18 15:59:15,0.437505625,FALSE,0.0136892539356605
"411","SPY231110C00520000","REGULAR","USD",2023-11-10,520,0.01,0,0,0,0.01,43,492,2023-10-18 15:59:15,0.460942890625,FALSE,0.0136892539356605
"412","SPY231110C00525000","REGULAR","USD",2023-11-10,525,0.01,0,0,0,0.01,1,2,2023-10-26 09:30:02,0.48438015625,FALSE,0.0136892539356605
"413","SPY231110C00540000","REGULAR","USD",2023-11-10,540,0.01,0,0,0,0.01,5,5,2023-10-10 11:07:55,0.51562984375,FALSE,0.0136892539356605
"414","SPY231113C00365000","REGULAR","USD",2023-11-13,365,58.33,0,0,70.46,70.69,1,1,2023-11-01 15:30:22,0.676761044921875,TRUE,0.0219028062970568
"415","SPY231113C00370000","REGULAR","USD",2023-11-13,370,44.38,0,0,65.47,65.7,3,3,2023-10-30 11:16:49,0.635013415527344,TRUE,0.0219028062970568
"416","SPY231113C00379000","REGULAR","USD",2023-11-13,379,41.57,0,0,56.49,56.73,2,1,2023-11-01 09:49:59,0.560795407714844,TRUE,0.0219028062970568
"417","SPY231113C00395000","REGULAR","USD",2023-11-13,395,22.57,0,0,40.59,40.75,1,0,2023-10-31 10:57:26,0.437627694091797,TRUE,0.0219028062970568
"418","SPY231113C00401000","REGULAR","USD",2023-11-13,401,33.1,33.1,NA,34.61,34.77,1,0,2023-11-03 09:31:36,0.386114537353516,TRUE,0.0219028062970568
"419","SPY231113C00405000","REGULAR","USD",2023-11-13,405,23.13,0,0,30.64,30.77,3,65,2023-11-02 09:50:11,0.350104155273437,TRUE,0.0219028062970568
"420","SPY231113C00407000","REGULAR","USD",2023-11-13,407,23.82,0,0,28.65,28.81,400,400,2023-11-02 14:11:23,0.335211726074219,TRUE,0.0219028062970568
"421","SPY231113C00408000","REGULAR","USD",2023-11-13,408,16.09,0,0,27.66,27.79,21,20,2023-11-01 15:20:48,0.324469645996094,TRUE,0.0219028062970568
"422","SPY231113C00409000","REGULAR","USD",2023-11-13,409,13.74,0,0,26.66,26.82,27,34,2023-11-01 11:50:45,0.317633776855469,TRUE,0.0219028062970568
"423","SPY231113C00410000","REGULAR","USD",2023-11-13,410,26.72,5.5199986,26.03773,25.67,25.83,40,89,2023-11-03 14:52:07,0.309211009521484,TRUE,0.0219028062970568
"424","SPY231113C00411000","REGULAR","USD",2023-11-13,411,12.6,0,0,24.68,24.84,49,41,2023-11-01 10:53:22,0.300666173095703,TRUE,0.0219028062970568
"425","SPY231113C00412000","REGULAR","USD",2023-11-13,412,19.09,0,0,23.69,23.85,5,183,2023-11-02 14:24:15,0.291999267578125,TRUE,0.0219028062970568
"426","SPY231113C00413000","REGULAR","USD",2023-11-13,413,21.72,3.4099998,18.623703,22.71,22.84,1,539,2023-11-03 10:39:50,0.281867532958984,TRUE,0.0219028062970568
"427","SPY231113C00414000","REGULAR","USD",2023-11-13,414,15.11,0,0,21.72,21.88,2,553,2023-11-02 09:37:59,0.275275802001953,TRUE,0.0219028062970568
"428","SPY231113C00415000","REGULAR","USD",2023-11-13,415,20.88,4.8099995,29.931545,20.74,20.89,7,677,2023-11-03 15:48:18,0.266364758300781,TRUE,0.0219028062970568
"429","SPY231113C00416000","REGULAR","USD",2023-11-13,416,14.73,0,0,19.76,19.91,7,415,2023-11-02 12:54:32,0.258064060058594,TRUE,0.0219028062970568
"430","SPY231113C00417000","REGULAR","USD",2023-11-13,417,19.44,5.6100006,40.563995,18.78,18.93,30,603,2023-11-03 15:20:11,0.249641292724609,TRUE,0.0219028062970568
"431","SPY231113C00418000","REGULAR","USD",2023-11-13,418,17.5,5.29,43.325146,17.81,17.96,2,320,2023-11-03 09:48:29,0.241706801757813,TRUE,0.0219028062970568
"432","SPY231113C00419000","REGULAR","USD",2023-11-13,419,17.42,4.8,38.034866,16.84,16.99,37,681,2023-11-03 15:21:59,0.233650241699219,TRUE,0.0219028062970568
"433","SPY231113C00420000","REGULAR","USD",2023-11-13,420,16.48,4.669999,39.54275,15.88,16,27,1894,2023-11-03 15:21:38,0.224128852539062,TRUE,0.0219028062970568
"434","SPY231113C00421000","REGULAR","USD",2023-11-13,421,15.15,3.87,34.30851,14.92,15.06,50,534,2023-11-03 11:53:29,0.217415052490234,TRUE,0.0219028062970568
"435","SPY231113C00422000","REGULAR","USD",2023-11-13,422,14.63,4.71,47.47984,13.97,14.09,38,336,2023-11-03 15:20:11,0.208748146972656,TRUE,0.0219028062970568
"436","SPY231113C00423000","REGULAR","USD",2023-11-13,423,13.27,3.9700003,42.68817,13.04,13.15,15,434,2023-11-03 15:45:38,0.201424001464844,TRUE,0.0219028062970568
"437","SPY231113C00424000","REGULAR","USD",2023-11-13,424,12.53,3.8999996,45.19119,12.11,12.22,44,314,2023-11-03 15:37:46,0.194221925048828,TRUE,0.0219028062970568
"438","SPY231113C00425000","REGULAR","USD",2023-11-13,425,11.4,3.5999994,46.15384,11.19,11.32,31,814,2023-11-03 15:35:26,0.188240539550781,TRUE,0.0219028062970568
"439","SPY231113C00426000","REGULAR","USD",2023-11-13,426,10.03,2.9799995,42.269497,10.3,10.41,93,281,2023-11-03 15:59:23,0.181160532226562,TRUE,0.0219028062970568
"440","SPY231113C00427000","REGULAR","USD",2023-11-13,427,9.15,2.8399997,45.00792,9.42,9.53,86,10056,2023-11-03 15:59:23,0.174935008544922,TRUE,0.0219028062970568
"441","SPY231113C00428000","REGULAR","USD",2023-11-13,428,8.48,2.8599997,50.889675,8.56,8.66,53,1160,2023-11-03 15:57:39,0.168526381225586,TRUE,0.0219028062970568
"442","SPY231113C00429000","REGULAR","USD",2023-11-13,429,7.72,2.6999998,53.78486,7.73,7.82,58,878,2023-11-03 16:02:48,0.162728099365234,TRUE,0.0219028062970568
"443","SPY231113C00430000","REGULAR","USD",2023-11-13,430,6.87,2.54,58.660507,6.92,7,449,975,2023-11-03 16:12:34,0.156868782958984,TRUE,0.0219028062970568
"444","SPY231113C00431000","REGULAR","USD",2023-11-13,431,6.05,2.2900002,60.90426,6.15,6.22,165,878,2023-11-03 16:00:46,0.151741881103516,TRUE,0.0219028062970568
"445","SPY231113C00432000","REGULAR","USD",2023-11-13,432,5.31,2.05,62.88344,5.41,5.47,359,790,2023-11-03 16:00:31,0.146614979248047,TRUE,0.0219028062970568
"446","SPY231113C00433000","REGULAR","USD",2023-11-13,433,4.69,1.95,71.167885,4.71,4.76,639,199,2023-11-03 16:11:30,0.141854284667969,TRUE,0.0219028062970568
"447","SPY231113C00434000","REGULAR","USD",2023-11-13,434,3.92,1.6200001,70.43479,4.07,4.09,1548,480,2023-11-03 15:58:50,0.137215659179688,TRUE,0.0219028062970568
"448","SPY231113C00435000","REGULAR","USD",2023-11-13,435,3.45,1.5500001,81.57895,3.46,3.48,3169,668,2023-11-03 16:14:19,0.133309448242187,FALSE,0.0219028062970568
"449","SPY231113C00436000","REGULAR","USD",2023-11-13,436,2.87,1.2799999,80.503136,2.9,2.92,1778,1902,2023-11-03 16:12:43,0.129647375488281,FALSE,0.0219028062970568
"450","SPY231113C00437000","REGULAR","USD",2023-11-13,437,2.43,1.1800001,94.40001,2.4,2.42,1650,1018,2023-11-03 16:09:33,0.126473579101562,FALSE,0.0219028062970568
"451","SPY231113C00438000","REGULAR","USD",2023-11-13,438,2.01,1,99.0099,1.96,1.98,1856,709,2023-11-03 16:03:40,0.123665989990234,FALSE,0.0219028062970568
"452","SPY231113C00439000","REGULAR","USD",2023-11-13,439,1.58,0.76000005,92.68294,1.58,1.59,2207,268,2023-11-03 16:14:25,0.120858400878906,FALSE,0.0219028062970568
"453","SPY231113C00440000","REGULAR","USD",2023-11-13,440,1.23,0.61,98.3871,1.25,1.27,2306,693,2023-11-03 16:11:09,0.118966329956055,FALSE,0.0219028062970568
"454","SPY231113C00441000","REGULAR","USD",2023-11-13,441,0.99,0.5,102.04082,0.98,0.99,620,630,2023-11-03 16:06:24,0.116830120849609,FALSE,0.0219028062970568
"455","SPY231113C00442000","REGULAR","USD",2023-11-13,442,0.75,0.38,102.7027,0.75,0.77,413,270,2023-11-03 16:00:34,0.115487360839844,FALSE,0.0219028062970568
"456","SPY231113C00443000","REGULAR","USD",2023-11-13,443,0.6,0.33,122.22222,0.57,0.58,330,110,2023-11-03 16:01:28,0.113656324462891,FALSE,0.0219028062970568
"457","SPY231113C00444000","REGULAR","USD",2023-11-13,444,0.46,0.46,NA,0.43,0.44,394,19,2023-11-03 16:04:00,0.112801840820312,FALSE,0.0219028062970568
"458","SPY231113C00445000","REGULAR","USD",2023-11-13,445,0.33,0.15,83.33333,0.32,0.33,1003,162,2023-11-03 16:13:15,0.112069426269531,FALSE,0.0219028062970568
"459","SPY231113C00446000","REGULAR","USD",2023-11-13,446,0.25,0.25,NA,0.24,0.25,217,16,2023-11-03 16:09:00,0.112191495361328,FALSE,0.0219028062970568
"460","SPY231113C00447000","REGULAR","USD",2023-11-13,447,0.18,0.06000001,50.00001,0.18,0.19,219,35,2023-11-03 16:12:55,0.112557702636719,FALSE,0.0219028062970568
"461","SPY231113C00448000","REGULAR","USD",2023-11-13,448,0.16,0.13,433.3333,0.13,0.14,151,35,2023-11-03 15:48:21,0.112557702636719,FALSE,0.0219028062970568
"462","SPY231113C00449000","REGULAR","USD",2023-11-13,449,0.18,0.18,NA,0.09,0.11,167,0,2023-11-03 14:41:46,0.113778393554687,FALSE,0.0219028062970568
"463","SPY231113C00450000","REGULAR","USD",2023-11-13,450,0.08,0.02,33.333336,0.07,0.08,388,94,2023-11-03 16:04:00,0.113778393554687,FALSE,0.0219028062970568
"464","SPY231113C00451000","REGULAR","USD",2023-11-13,451,0.08,0.08,NA,0.06,0.07,395,2,2023-11-03 15:47:15,0.117684604492187,FALSE,0.0219028062970568
"465","SPY231113C00452000","REGULAR","USD",2023-11-13,452,0.06,0.06,NA,0.04,0.05,30,45,2023-11-03 16:00:06,0.117196328125,FALSE,0.0219028062970568
"466","SPY231113C00453000","REGULAR","USD",2023-11-13,453,0.05,0.05,NA,0.03,0.04,123,1,2023-11-03 15:59:53,0.11914943359375,FALSE,0.0219028062970568
"467","SPY231113C00454000","REGULAR","USD",2023-11-13,454,0.06,0.06,NA,0.03,0.04,59,75,2023-11-03 14:01:39,0.12500875,FALSE,0.0219028062970568
"468","SPY231113C00455000","REGULAR","USD",2023-11-13,455,0.05,0.030000001,150.00002,0.02,0.03,17,1,2023-11-03 13:57:42,0.12500875,FALSE,0.0219028062970568
"469","SPY231113C00456000","REGULAR","USD",2023-11-13,456,0.03,0.03,NA,0.02,0.03,47,6,2023-11-03 11:46:23,0.13086806640625,FALSE,0.0219028062970568
"470","SPY231113C00457000","REGULAR","USD",2023-11-13,457,0.04,0.04,NA,0.02,0.03,17,0,2023-11-03 15:18:52,0.135750830078125,FALSE,0.0219028062970568
"471","SPY231113C00458000","REGULAR","USD",2023-11-13,458,0.03,0.03,NA,0.02,0.03,1,0,2023-11-03 09:41:10,0.14063359375,FALSE,0.0219028062970568
"472","SPY231113C00459000","REGULAR","USD",2023-11-13,459,0.03,0.03,NA,0.01,0.02,21,1,2023-11-03 14:55:46,0.13868048828125,FALSE,0.0219028062970568
"473","SPY231113C00460000","REGULAR","USD",2023-11-13,460,0.02,0,0,0.01,0.02,10,1,2023-11-03 09:59:52,0.1445398046875,FALSE,0.0219028062970568
"474","SPY231113C00462000","REGULAR","USD",2023-11-13,462,0.02,0.02,NA,0.01,0.02,5,0,2023-11-03 14:29:23,0.15430533203125,FALSE,0.0219028062970568
"475","SPY231113C00465000","REGULAR","USD",2023-11-13,465,0.01,0,0,0.01,0.02,8,20,2023-11-03 10:51:24,0.1679770703125,FALSE,0.0219028062970568
"476","SPY231113C00467000","REGULAR","USD",2023-11-13,467,0.01,0.01,NA,0.01,0.02,3,0,2023-11-03 09:42:29,0.17774259765625,FALSE,0.0219028062970568
"477","SPY231113C00470000","REGULAR","USD",2023-11-13,470,0.02,0.02,NA,0.01,0.02,2,0,2023-11-03 15:54:27,0.1914143359375,FALSE,0.0219028062970568
"478","SPY231113C00471000","REGULAR","USD",2023-11-13,471,0.01,0.01,NA,0,0.01,1,0,2023-11-03 10:20:54,0.1836019140625,FALSE,0.0219028062970568
"479","SPY231113C00473000","REGULAR","USD",2023-11-13,473,0.01,0.01,NA,0,0.01,NA,12,2023-11-02 09:35:18,0.1914143359375,FALSE,0.0219028062970568
"480","SPY231114C00370000","REGULAR","USD",2023-11-14,370,66.15,14.010002,26.86997,65.54,65.78,1,3,2023-11-03 12:54:47,0.612552702636719,TRUE,0.0246406570841889
"481","SPY231114C00387000","REGULAR","USD",2023-11-14,387,44,0,0,48.59,48.83,6,6,2023-11-02 15:24:54,0.490483610839844,TRUE,0.0246406570841889
"482","SPY231114C00392000","REGULAR","USD",2023-11-14,392,39.05,39.05,NA,43.61,43.85,NA,3,2023-11-02 15:23:51,0.450200810546875,TRUE,0.0246406570841889
"483","SPY231114C00400000","REGULAR","USD",2023-11-14,400,34.43,34.43,NA,35.7,35.84,1,0,2023-11-03 10:44:19,0.38086556640625,TRUE,0.0246406570841889
"484","SPY231114C00404000","REGULAR","USD",2023-11-14,404,26.09,26.09,NA,31.73,31.89,NA,1,2023-11-02 11:43:09,0.350470362548828,TRUE,0.0246406570841889
"485","SPY231114C00405000","REGULAR","USD",2023-11-14,405,15.05,0,0,30.74,30.9,NA,15,2023-10-31 13:42:25,0.342535871582031,TRUE,0.0246406570841889
"486","SPY231114C00407000","REGULAR","USD",2023-11-14,407,13.14,0,0,28.76,28.92,NA,12,2023-10-31 13:03:52,0.326544820556641,TRUE,0.0246406570841889
"487","SPY231114C00408000","REGULAR","USD",2023-11-14,408,11.45,0,0,27.77,27.93,NA,11,2023-10-31 11:41:57,0.31836619140625,TRUE,0.0246406570841889
"488","SPY231114C00409000","REGULAR","USD",2023-11-14,409,22.37,0,0,26.78,26.94,1,8,2023-11-02 15:12:15,0.310309631347656,TRUE,0.0246406570841889
"489","SPY231114C00410000","REGULAR","USD",2023-11-14,410,26.25,4.620001,21.359228,25.8,25.95,1,10,2023-11-03 14:23:14,0.302008933105469,TRUE,0.0246406570841889
"490","SPY231114C00411000","REGULAR","USD",2023-11-14,411,12.85,0,0,24.81,24.97,3,7,2023-11-01 14:59:19,0.294440649414062,TRUE,0.0246406570841889
"491","SPY231114C00412000","REGULAR","USD",2023-11-14,412,24.69,14.820001,150.15198,23.83,23.98,2,3,2023-11-03 14:40:33,0.286017882080078,TRUE,0.0246406570841889
"492","SPY231114C00413000","REGULAR","USD",2023-11-14,413,21.68,4.5300007,26.413998,22.85,23,2,51,2023-11-03 10:43:00,0.278205460205078,TRUE,0.0246406570841889
"493","SPY231114C00414000","REGULAR","USD",2023-11-14,414,22.53,6.290001,38.731533,21.87,22.02,1,71,2023-11-03 12:41:54,0.270393038330078,TRUE,0.0246406570841889
"494","SPY231114C00415000","REGULAR","USD",2023-11-14,415,20.9,5.49,35.626213,20.89,21.02,5,147,2023-11-03 15:51:43,0.261115787353516,TRUE,0.0246406570841889
"495","SPY231114C00416000","REGULAR","USD",2023-11-14,416,20.7,6.620001,47.01705,19.92,20.07,2,110,2023-11-03 15:16:02,0.254890263671875,TRUE,0.0246406570841889
"496","SPY231114C00417000","REGULAR","USD",2023-11-14,417,19.84,4.8900003,32.709034,18.95,19.1,43,74,2023-11-03 14:40:33,0.247199910888672,TRUE,0.0246406570841889
"497","SPY231114C00418000","REGULAR","USD",2023-11-14,418,14.18,0,0,17.99,18.14,57,218,2023-11-02 15:41:43,0.239997834472656,TRUE,0.0246406570841889
"498","SPY231114C00419000","REGULAR","USD",2023-11-14,419,17.6,4.700001,36.434116,17.03,17.18,23,140,2023-11-03 14:14:29,0.232551619873047,TRUE,0.0246406570841889
"499","SPY231114C00420000","REGULAR","USD",2023-11-14,420,15.84,3.3000002,26.31579,16.08,16.22,31,230,2023-11-03 11:35:30,0.224861267089844,TRUE,0.0246406570841889
"500","SPY231114C00421000","REGULAR","USD",2023-11-14,421,15.09,4.0299997,36.43761,15.14,15.27,10,1461,2023-11-03 16:01:54,0.217537121582031,TRUE,0.0246406570841889
"501","SPY231114C00422000","REGULAR","USD",2023-11-14,422,13.97,3.4800005,33.174458,14.21,14.34,3,364,2023-11-03 11:32:28,0.210945390625,TRUE,0.0246406570841889
"502","SPY231114C00423000","REGULAR","USD",2023-11-14,423,14.12,4.26,43.204872,13.28,13.41,14,474,2023-11-03 14:38:40,0.204048486938477,TRUE,0.0246406570841889
"503","SPY231114C00424000","REGULAR","USD",2023-11-14,424,12.98,3.8399992,42.01312,12.37,12.49,35,170,2023-11-03 14:15:16,0.19727365234375,TRUE,0.0246406570841889
"504","SPY231114C00425000","REGULAR","USD",2023-11-14,425,12.32,4.04,48.792274,11.48,11.59,18,130,2023-11-03 14:38:40,0.191048128662109,TRUE,0.0246406570841889
"505","SPY231114C00426000","REGULAR","USD",2023-11-14,426,10.49,2.9499998,39.124664,10.6,10.71,21,214,2023-11-03 15:55:34,0.185188812255859,TRUE,0.0246406570841889
"506","SPY231114C00427000","REGULAR","USD",2023-11-14,427,10.13,3.3600001,49.630726,9.74,9.84,2037,10129,2023-11-03 15:40:58,0.179207426757812,TRUE,0.0246406570841889
"507","SPY231114C00428000","REGULAR","USD",2023-11-14,428,8.86,2.6499996,42.673103,8.9,8.99,20,273,2023-11-03 16:06:06,0.173470179443359,TRUE,0.0246406570841889
"508","SPY231114C00429000","REGULAR","USD",2023-11-14,429,7.93,2.5699997,47.947754,8.08,8.17,48,651,2023-11-03 15:57:51,0.168221208496094,TRUE,0.0246406570841889
"509","SPY231114C00430000","REGULAR","USD",2023-11-14,430,7.29,2.5099998,52.510452,7.3,7.37,171,463,2023-11-03 16:07:33,0.162972237548828,TRUE,0.0246406570841889
"510","SPY231114C00431000","REGULAR","USD",2023-11-14,431,6.6,2.44,58.65385,6.54,6.61,32,428,2023-11-03 15:52:44,0.158394646606445,TRUE,0.0246406570841889
"511","SPY231114C00432000","REGULAR","USD",2023-11-14,432,6.09,2.42,65.940056,5.82,5.87,210,409,2023-11-03 15:42:46,0.153572917480469,TRUE,0.0246406570841889
"512","SPY231114C00433000","REGULAR","USD",2023-11-14,433,5.04,1.9099998,61.022358,5.14,5.17,427,439,2023-11-03 15:59:03,0.149117395629883,TRUE,0.0246406570841889
"513","SPY231114C00434000","REGULAR","USD",2023-11-14,434,4.72,1.9799998,72.262764,4.49,4.52,623,196,2023-11-03 15:42:48,0.145211184692383,TRUE,0.0246406570841889
"514","SPY231114C00435000","REGULAR","USD",2023-11-14,435,3.74,1.47,64.75771,3.89,3.91,1186,405,2023-11-03 16:00:00,0.141488077392578,FALSE,0.0246406570841889
"515","SPY231114C00436000","REGULAR","USD",2023-11-14,436,3.31,1.39,72.39583,3.33,3.35,4303,102,2023-11-03 16:13:05,0.138131177368164,FALSE,0.0246406570841889
"516","SPY231114C00437000","REGULAR","USD",2023-11-14,437,2.72,1.13,71.06918,2.82,2.84,4975,500,2023-11-03 15:59:27,0.135018415527344,FALSE,0.0246406570841889
"517","SPY231114C00438000","REGULAR","USD",2023-11-14,438,2.37,1.0799999,83.72093,2.36,2.38,1170,51,2023-11-03 16:09:08,0.132149791870117,FALSE,0.0246406570841889
"518","SPY231114C00439000","REGULAR","USD",2023-11-14,439,1.95,0.84000003,75.675674,1.96,1.97,766,83,2023-11-03 16:13:05,0.129525306396484,FALSE,0.0246406570841889
"519","SPY231114C00440000","REGULAR","USD",2023-11-14,440,1.61,0.77000004,91.66667,1.6,1.62,725,539,2023-11-03 16:08:21,0.127450131835938,FALSE,0.0246406570841889
"520","SPY231114C00441000","REGULAR","USD",2023-11-14,441,1.32,0.62000006,88.57144,1.29,1.31,260,27,2023-11-03 16:04:36,0.125374957275391,FALSE,0.0246406570841889
"521","SPY231114C00442000","REGULAR","USD",2023-11-14,442,1.04,0.51,96.22642,1.03,1.05,558,34,2023-11-03 16:09:56,0.123604955444336,FALSE,0.0246406570841889
"522","SPY231114C00443000","REGULAR","USD",2023-11-14,443,0.81,0.39000002,92.857155,0.81,0.83,422,22,2023-11-03 16:09:56,0.121957022705078,FALSE,0.0246406570841889
"523","SPY231114C00444000","REGULAR","USD",2023-11-14,444,0.67,0.33,97.05883,0.64,0.65,340,106,2023-11-03 15:57:21,0.120614262695313,FALSE,0.0246406570841889
"524","SPY231114C00445000","REGULAR","USD",2023-11-14,445,0.53,0.26999998,103.846146,0.49,0.51,360,427,2023-11-03 15:54:30,0.120003917236328,FALSE,0.0246406570841889
"525","SPY231114C00446000","REGULAR","USD",2023-11-14,446,0.39,0.18999998,94.99999,0.38,0.39,148,217,2023-11-03 16:06:00,0.118905295410156,FALSE,0.0246406570841889
"526","SPY231114C00447000","REGULAR","USD",2023-11-14,447,0.39,0.39,NA,0.29,0.3,26,1,2023-11-03 15:25:30,0.118417019042969,FALSE,0.0246406570841889
"527","SPY231114C00448000","REGULAR","USD",2023-11-14,448,0.24,0.24,NA,0.22,0.23,242,53,2023-11-03 16:01:36,0.118172880859375,FALSE,0.0246406570841889
"528","SPY231114C00449000","REGULAR","USD",2023-11-14,449,0.23,0.23,NA,0.17,0.18,24,5,2023-11-03 15:38:51,0.118661157226562,FALSE,0.0246406570841889
"529","SPY231114C00450000","REGULAR","USD",2023-11-14,450,0.22,0.12,119.99999,0.13,0.14,88,91,2023-11-03 14:51:33,0.11914943359375,FALSE,0.0246406570841889
"530","SPY231114C00451000","REGULAR","USD",2023-11-14,451,0.15,0.080000006,114.28572,0.1,0.11,226,197,2023-11-03 15:31:17,0.120125986328125,FALSE,0.0246406570841889
"531","SPY231114C00452000","REGULAR","USD",2023-11-14,452,0.14,0.14,NA,0.08,0.09,1,10,2023-11-03 14:12:02,0.122079091796875,FALSE,0.0246406570841889
"532","SPY231114C00453000","REGULAR","USD",2023-11-14,453,0.11,0.05,83.333336,0.06,0.07,7,36,2023-11-03 12:47:35,0.122567368164063,FALSE,0.0246406570841889
"533","SPY231114C00454000","REGULAR","USD",2023-11-14,454,0.06,0.06,NA,0.05,0.06,587,9,2023-11-03 16:06:54,0.12500875,FALSE,0.0246406570841889
"534","SPY231114C00455000","REGULAR","USD",2023-11-14,455,0.08,0.08,NA,0.04,0.05,528,0,2023-11-03 14:50:40,0.12696185546875,FALSE,0.0246406570841889
"535","SPY231114C00457000","REGULAR","USD",2023-11-14,457,0.05,0.05,NA,0.03,0.04,20,1,2023-11-03 15:29:54,0.133797724609375,FALSE,0.0246406570841889
"536","SPY231114C00458000","REGULAR","USD",2023-11-14,458,0.04,0.04,NA,0.02,0.03,1,0,2023-11-03 10:22:06,0.133797724609375,FALSE,0.0246406570841889
"537","SPY231114C00460000","REGULAR","USD",2023-11-14,460,0.04,0.04,NA,0.02,0.03,2,2,2023-11-03 13:01:05,0.143563251953125,FALSE,0.0246406570841889
"538","SPY231114C00462000","REGULAR","USD",2023-11-14,462,0.02,0.02,NA,0.01,0.02,NA,89,2023-11-02 09:52:07,0.14649291015625,FALSE,0.0246406570841889
"539","SPY231114C00466000","REGULAR","USD",2023-11-14,466,0.02,0.02,NA,0.01,0.02,24,14,2023-11-03 14:44:22,0.164070859375,FALSE,0.0246406570841889
"540","SPY231114C00467000","REGULAR","USD",2023-11-14,467,0.02,0.02,NA,0.01,0.02,1,0,2023-11-03 12:55:13,0.1679770703125,FALSE,0.0246406570841889
"541","SPY231114C00473000","REGULAR","USD",2023-11-14,473,0.01,0.01,NA,0.01,0.02,2,0,2023-11-03 13:49:19,0.195320546875,FALSE,0.0246406570841889
"542","SPY231114C00475000","REGULAR","USD",2023-11-14,475,0.02,0.02,NA,0,0.01,NA,1,2023-11-02 10:12:35,0.1914143359375,FALSE,0.0246406570841889
"543","SPY231115C00363000","REGULAR","USD",2023-11-15,363,71.79,71.79,NA,72.58,72.82,4,NA,2023-11-03 09:47:07,0.645023081054688,TRUE,0.027378507871321
"544","SPY231115C00405000","REGULAR","USD",2023-11-15,405,25.62,25.62,NA,30.84,31,NA,3,2023-11-02 13:19:50,0.33399103515625,TRUE,0.027378507871321
"545","SPY231115C00408000","REGULAR","USD",2023-11-15,408,14.45,0,0,27.88,28.01,7,7,2023-11-01 10:03:46,0.309211009521484,TRUE,0.027378507871321
"546","SPY231115C00409000","REGULAR","USD",2023-11-15,409,25.45,2.8500004,12.6106205,26.89,27.05,5,24,2023-11-03 09:36:20,0.303229624023437,TRUE,0.027378507871321
"547","SPY231115C00410000","REGULAR","USD",2023-11-15,410,13.41,0,0,25.91,26.04,41,41,2023-11-01 12:07:00,0.293952373046875,TRUE,0.027378507871321
"548","SPY231115C00411000","REGULAR","USD",2023-11-15,411,12.75,0,0,24.93,25.08,52,52,2023-11-01 11:12:34,0.287848918457031,TRUE,0.027378507871321
"549","SPY231115C00412000","REGULAR","USD",2023-11-15,412,12.67,0,0,23.95,24.1,11,11,2023-11-01 10:45:56,0.280402703857422,TRUE,0.027378507871321
"550","SPY231115C00413000","REGULAR","USD",2023-11-15,413,22.04,5.9000015,36.555153,22.97,23.12,35,63,2023-11-03 10:15:48,0.272712351074219,TRUE,0.027378507871321
"551","SPY231115C00414000","REGULAR","USD",2023-11-15,414,16.65,0,0,22,22.15,2,31,2023-11-02 12:35:58,0.26563234375,TRUE,0.027378507871321
"552","SPY231115C00415000","REGULAR","USD",2023-11-15,415,8.97,0,0,21.03,21.18,93,67,2023-11-01 13:23:23,0.258430267333984,TRUE,0.027378507871321
"553","SPY231115C00416000","REGULAR","USD",2023-11-15,416,8.37,0,0,20.07,20.19,14,5,2023-11-01 14:40:48,0.249885430908203,TRUE,0.027378507871321
"554","SPY231115C00417000","REGULAR","USD",2023-11-15,417,15.28,0,0,19.1,19.25,8,5,2023-11-02 15:49:16,0.244026114501953,TRUE,0.027378507871321
"555","SPY231115C00418000","REGULAR","USD",2023-11-15,418,18.7,5.120001,37.70251,18.15,18.28,2,44,2023-11-03 14:04:45,0.23633576171875,TRUE,0.027378507871321
"556","SPY231115C00419000","REGULAR","USD",2023-11-15,419,17.17,3.79,28.32586,17.2,17.34,7,61,2023-11-03 16:02:30,0.230110238037109,TRUE,0.027378507871321
"557","SPY231115C00420000","REGULAR","USD",2023-11-15,420,17.05,5.779999,51.28659,16.25,16.39,16,190,2023-11-03 15:13:40,0.223030230712891,TRUE,0.027378507871321
"558","SPY231115C00421000","REGULAR","USD",2023-11-15,421,15.98,4.3099995,36.9323,15.32,15.45,7,224,2023-11-03 14:34:10,0.216316430664062,TRUE,0.027378507871321
"559","SPY231115C00422000","REGULAR","USD",2023-11-15,422,14.32,3.3199997,30.181816,14.4,14.52,6,193,2023-11-03 15:51:28,0.209724699707031,TRUE,0.027378507871321
"560","SPY231115C00423000","REGULAR","USD",2023-11-15,423,13.66,3.5699997,35.38156,13.48,13.6,9,182,2023-11-03 13:43:11,0.203255037841797,TRUE,0.027378507871321
"561","SPY231115C00424000","REGULAR","USD",2023-11-15,424,12.57,3.29,35.452587,12.58,12.7,18,145,2023-11-03 15:51:28,0.197395721435547,TRUE,0.027378507871321
"562","SPY231115C00425000","REGULAR","USD",2023-11-15,425,12.04,3.46,40.326344,11.7,11.81,78,296,2023-11-03 15:28:25,0.191536405029297,TRUE,0.027378507871321
"563","SPY231115C00426000","REGULAR","USD",2023-11-15,426,11.19,3.4199996,44.01544,10.83,10.93,74,488,2023-11-03 15:28:25,0.185616054077148,TRUE,0.027378507871321
"564","SPY231115C00427000","REGULAR","USD",2023-11-15,427,10.28,3.2799997,46.85714,9.98,10.06,22,890,2023-11-03 15:30:50,0.179634668579102,TRUE,0.027378507871321
"565","SPY231115C00428000","REGULAR","USD",2023-11-15,428,9.08,2.77,43.898575,9.15,9.24,73,744,2023-11-03 15:55:24,0.17499604309082,TRUE,0.027378507871321
"566","SPY231115C00429000","REGULAR","USD",2023-11-15,429,8.87,3.1,53.726166,8.35,8.43,36,917,2023-11-03 14:06:04,0.170052244873047,TRUE,0.027378507871321
"567","SPY231115C00430000","REGULAR","USD",2023-11-15,430,7.89,2.85,56.54762,7.57,7.64,661,824,2023-11-03 15:29:18,0.165108446655273,TRUE,0.027378507871321
"568","SPY231115C00431000","REGULAR","USD",2023-11-15,431,6.81,2.35,52.69058,6.82,6.88,307,848,2023-11-03 16:08:23,0.160469821166992,TRUE,0.027378507871321
"569","SPY231115C00432000","REGULAR","USD",2023-11-15,432,5.94,2.02,51.530613,6.11,6.16,611,114,2023-11-03 15:59:27,0.156319472045898,TRUE,0.027378507871321
"570","SPY231115C00433000","REGULAR","USD",2023-11-15,433,5.33,1.9399998,57.227127,5.43,5.46,829,506,2023-11-03 16:00:39,0.151924984741211,TRUE,0.027378507871321
"571","SPY231115C00434000","REGULAR","USD",2023-11-15,434,4.78,1.7600002,58.278156,4.79,4.81,2284,294,2023-11-03 16:13:59,0.148140842895508,TRUE,0.027378507871321
"572","SPY231115C00435000","REGULAR","USD",2023-11-15,435,4.11,1.6000001,63.74503,4.18,4.2,1984,1888,2023-11-03 15:59:49,0.1445398046875,FALSE,0.027378507871321
"573","SPY231115C00436000","REGULAR","USD",2023-11-15,436,3.6,3.6,NA,3.62,3.64,267,NA,2023-11-03 16:13:12,0.141366008300781,FALSE,0.027378507871321
"574","SPY231115C00437000","REGULAR","USD",2023-11-15,437,3.04,3.04,NA,3.1,3.12,1312,NA,2023-11-03 16:00:45,0.138253246459961,FALSE,0.027378507871321
"575","SPY231115C00438000","REGULAR","USD",2023-11-15,438,2.64,2.64,NA,2.64,2.66,456,NA,2023-11-03 15:54:55,0.135811864624023,FALSE,0.027378507871321
"576","SPY231115C00439000","REGULAR","USD",2023-11-15,439,2.22,2.22,NA,2.22,2.24,275,NA,2023-11-03 15:55:51,0.133309448242187,FALSE,0.027378507871321
"577","SPY231115C00440000","REGULAR","USD",2023-11-15,440,1.85,1.85,NA,1.84,1.86,490,NA,2023-11-03 16:09:50,0.130807031860352,FALSE,0.027378507871321
"578","SPY231115C00441000","REGULAR","USD",2023-11-15,441,1.98,1.98,NA,1.52,1.53,116,NA,2023-11-03 14:51:22,0.128609788208008,FALSE,0.027378507871321
"579","SPY231115C00442000","REGULAR","USD",2023-11-15,442,1.24,1.24,NA,1.24,1.25,485,NA,2023-11-03 16:12:49,0.126839786376953,FALSE,0.027378507871321
"580","SPY231115C00443000","REGULAR","USD",2023-11-15,443,1.01,1.01,NA,1,1.01,549,NA,2023-11-03 16:06:59,0.125252888183594,FALSE,0.027378507871321
"581","SPY231115C00444000","REGULAR","USD",2023-11-15,444,0.99,0.99,NA,0.8,0.81,305,NA,2023-11-03 15:21:37,0.123910128173828,FALSE,0.027378507871321
"582","SPY231115C00445000","REGULAR","USD",2023-11-15,445,0.66,0.66,NA,0.63,0.65,321,NA,2023-11-03 16:04:27,0.123177713623047,FALSE,0.027378507871321
"583","SPY231115C00446000","REGULAR","USD",2023-11-15,446,0.5,0.5,NA,0.5,0.51,86,NA,2023-11-03 16:10:12,0.122079091796875,FALSE,0.027378507871321
"584","SPY231115C00447000","REGULAR","USD",2023-11-15,447,0.41,0.41,NA,0.39,0.4,83,NA,2023-11-03 16:09:18,0.121346677246094,FALSE,0.027378507871321
"585","SPY231115C00448000","REGULAR","USD",2023-11-15,448,0.38,0.38,NA,0.31,0.32,83,NA,2023-11-03 15:32:01,0.121590815429687,FALSE,0.027378507871321
"586","SPY231115C00449000","REGULAR","USD",2023-11-15,449,0.28,0.28,NA,0.24,0.25,74,NA,2023-11-03 15:51:27,0.121346677246094,FALSE,0.027378507871321
"587","SPY231115C00450000","REGULAR","USD",2023-11-15,450,0.2,0.2,NA,0.19,0.2,569,NA,2023-11-03 16:10:45,0.121834953613281,FALSE,0.027378507871321
"588","SPY231115C00451000","REGULAR","USD",2023-11-15,451,0.16,0.16,NA,0.15,0.16,70,NA,2023-11-03 16:10:12,0.122567368164063,FALSE,0.027378507871321
"589","SPY231115C00452000","REGULAR","USD",2023-11-15,452,0.13,0.13,NA,0.11,0.12,17,NA,2023-11-03 15:56:40,0.122079091796875,FALSE,0.027378507871321
"590","SPY231115C00453000","REGULAR","USD",2023-11-15,453,0.15,0.15,NA,0.09,0.1,406,NA,2023-11-03 14:35:40,0.123788059082031,FALSE,0.027378507871321
"591","SPY231115C00454000","REGULAR","USD",2023-11-15,454,0.13,0.13,NA,0.07,0.08,426,NA,2023-11-03 14:47:33,0.124520473632813,FALSE,0.027378507871321
"592","SPY231115C00455000","REGULAR","USD",2023-11-15,455,0.1,0.1,NA,0.06,0.07,697,NA,2023-11-03 13:23:55,0.127450131835938,FALSE,0.027378507871321
"593","SPY231115C00456000","REGULAR","USD",2023-11-15,456,0.07,0.07,NA,0.05,0.06,179,NA,2023-11-03 10:44:47,0.129403237304688,FALSE,0.027378507871321
"594","SPY231115C00457000","REGULAR","USD",2023-11-15,457,0.08,0.08,NA,0.04,0.05,79,NA,2023-11-03 10:04:42,0.13086806640625,FALSE,0.027378507871321
"595","SPY231115C00458000","REGULAR","USD",2023-11-15,458,0.05,0.05,NA,0.03,0.04,10,NA,2023-11-03 11:46:58,0.131844619140625,FALSE,0.027378507871321
"596","SPY231115C00460000","REGULAR","USD",2023-11-15,460,0.05,0.05,NA,0.03,0.04,26,NA,2023-11-03 12:43:25,0.141610146484375,FALSE,0.027378507871321
"597","SPY231115C00464000","REGULAR","USD",2023-11-15,464,0.03,0.03,NA,0.02,0.03,39,NA,2023-11-03 10:07:31,0.15430533203125,FALSE,0.027378507871321
"598","SPY231115C00468000","REGULAR","USD",2023-11-15,468,0.02,0.02,NA,0.01,0.02,5,NA,2023-11-03 14:35:00,0.164070859375,FALSE,0.027378507871321
"599","SPY231115C00470000","REGULAR","USD",2023-11-15,470,0.02,0.02,NA,0.01,0.02,51,NA,2023-11-03 14:19:50,0.17383638671875,FALSE,0.027378507871321
"600","SPY231115C00479000","REGULAR","USD",2023-11-15,479,0.01,0.01,NA,0,0.01,75,NA,2023-11-03 14:44:06,0.195320546875,FALSE,0.027378507871321
